NMI,METER SERIAL NUMBER,CON/GEN,DATE,ESTIMATED?,00:00 - 00:30,00:30 - 01:00,01:00 - 01:30,01:30 - 02:00,02:00 - 02:30,02:30 - 03:00,03:00 - 03:30,03:30 - 04:00,04:00 - 04:30,04:30 - 05:00,05:00 - 05:30,05:30 - 06:00,06:00 - 06:30,06:30 - 07:00,07:00 - 07:30,07:30 - 08:00,08:00 - 08:30,08:30 - 09:00,09:00 - 09:30,09:30 - 10:00,10:00 - 10:30,10:30 - 11:00,11:00 - 11:30,11:30 - 12:00,12:00 - 12:30,12:30 - 13:00,13:00 - 13:30,13:30 - 14:00,14:00 - 14:30,14:30 - 15:00,15:00 - 15:30,15:30 - 16:00,16:00 - 16:30,16:30 - 17:00,17:00 - 17:30,17:30 - 18:00,18:00 - 18:30,18:30 - 19:00,19:00 - 19:30,19:30 - 20:00,20:00 - 20:30,20:30 - 21:00,21:00 - 21:30,21:30 - 22:00,22:00 - 22:30,22:30 - 23:00,23:00 - 23:30,23:30 - 00:00
63053073718,4064485,Consumption,6/3/2017,No,1.204,1.026,0.251,0.038,0.088,0.05,0.076,0.063,0.063,0.076,0.049,0.085,0.177,0.102,0.087,0.115,0.177,0.347,0.289,0.07,0.125,0.055,0.096,0.103,0.084,0.07,0.076,0.076,0.071,0.08,0.065,0.086,0.061,0.089,0.059,0.087,0.06,0.099,0.06,0.128,0.127,0.163,0.159,0.147,0.156,0.096,0.095,0.062
63053073718,4064485,Consumption,7/3/2017,No,0.083,0.072,0.064,0.083,0.05,0.091,0.043,0.086,0.058,0.07,0.072,0.055,0.086,0.053,0.102,0.078,0.095,0.072,0.058,0.09,0.04,0.09,0.053,0.086,0.063,0.07,0.071,0.063,0.077,0.058,0.084,0.053,0.091,1.21,1.251,1.195,0.458,0.071,0.074,0.137,1.283,1.317,1.248,1.191,1.235,1.18,1.029,1.193
63053073718,4064485,Consumption,8/3/2017,No,1.176,0.398,0.06,0.08,0.048,0.089,0.038,0.087,0.051,0.07,0.065,0.053,0.08,0.052,0.078,0.087,0.057,0.108,0.103,0.048,0.084,0.06,0.104,0.069,0.078,0.066,0.075,0.081,0.079,0.072,0.069,0.072,0.078,0.072,0.07,0.084,0.11,0.056,0.113,0.118,0.153,0.558,0.075,0.298,0.075,0.104,0.05,0.101
63053073718,4064485,Consumption,9/3/2017,No,0.048,0.087,0.063,0.073,0.069,0.061,0.077,0.05,0.086,0.04,0.09,0.048,0.123,0.092,0.057,0.085,0.041,0.089,0.051,0.089,0.066,0.072,0.067,0.065,0.075,0.063,0.077,0.065,0.074,0.072,0.068,0.082,0.056,0.095,0.043,0.101,0.044,0.092,0.06,0.076,0.073,0.061,0.086,0.063,0.11,0.105,0.102,0.102
63053073718,4064485,Consumption,10/3/2017,No,0.059,0.057,0.103,0.082,0.036,0.104,0.081,0.038,0.104,0.075,0.04,0.104,0.064,0.062,0.109,0.435,0.25,0.114,0.043,0.109,0.606,0.156,0.432,0.344,0.537,0.093,0.076,0.493,0.584,0.064,0.074,0.096,0.041,0.1,0.045,0.089,0.056,0.076,0.067,0.067,0.074,0.059,0.079,0.052,0.083,0.05,0.081,0.051
63053073718,4064485,Consumption,11/3/2017,No,0.077,0.054,0.07,0.061,0.067,0.067,0.058,0.072,0.05,0.08,0.041,0.088,0.034,0.085,0.043,0.077,0.056,0.062,0.068,0.05,0.079,0.04,0.085,0.04,0.083,0.052,0.072,0.062,0.065,0.068,0.059,0.073,0.059,0.075,0.06,0.074,0.059,0.076,0.057,0.076,0.055,0.079,0.051,0.083,0.049,0.086,0.041,0.091
63053073718,4064485,Consumption,12/3/2017,No,0.035,0.091,0.04,0.084,0.049,0.074,0.056,0.064,0.066,0.055,0.074,0.047,0.082,0.036,0.085,0.037,0.081,0.048,0.07,0.062,0.057,0.074,0.05,0.082,0.047,0.089,0.045,0.093,0.043,0.093,0.045,0.092,0.048,0.088,0.054,0.081,0.059,0.074,0.063,0.071,0.061,0.073,0.061,0.073,0.057,0.076,0.054,0.081
63053073718,4064485,Consumption,13/3/2017,No,0.047,0.086,0.038,0.09,0.036,0.086,0.047,0.072,0.059,0.061,0.069,0.048,0.081,0.035,0.082,0.043,0.072,0.057,0.06,0.072,0.045,0.085,0.038,0.093,0.037,0.094,0.041,0.093,0.042,0.092,0.044,0.094,0.042,0.097,0.037,0.099,0.035,0.103,0.068,0.087,1.089,1.363,1.232,1.234,1.168,1.202,1.042,1.179
63053073718,4064485,Consumption,14/3/2017,No,1.15,0.424,0.047,0.081,0.083,0.043,0.101,0.044,0.082,0.066,0.061,0.081,0.049,0.237,0.191,0.105,0.096,0.573,0.162,0.077,0.26,0.091,0.062,0.097,0.035,0.103,0.063,0.071,0.094,0.039,0.101,0.057,0.078,0.085,0.049,0.1,0.047,0.086,0.197,0.097,0.086,0.328,0.203,0.096,0.085,0.089,0.062,0.084
63053073718,4064485,Consumption,15/3/2017,No,0.058,0.088,0.052,0.09,0.05,0.088,0.054,0.084,0.055,0.081,0.055,0.076,0.06,0.112,0.165,0.084,0.073,0.074,0.068,0.067,0.074,0.069,0.073,0.076,0.063,0.097,0.041,0.103,0.06,0.077,0.091,0.045,0.1,0.066,0.069,0.097,0.05,0.087,0.092,0.04,0.271,0.331,0.378,0.149,0.241,0.092,0.095,0.055
63053073718,4064485,Consumption,16/3/2017,No,0.104,0.043,0.101,0.063,0.081,0.08,0.065,0.095,0.049,0.104,0.043,0.102,0.081,0.123,0.119,0.089,0.051,0.103,0.036,0.101,0.042,0.095,0.047,0.091,0.052,0.086,0.058,0.081,0.06,0.078,0.06,0.077,0.058,0.079,0.05,0.085,0.046,0.088,0.041,0.092,0.515,1.361,1.09,1.311,1.359,0.275,0.565,0.056
63053073718,4064485,Consumption,17/3/2017,No,0.097,0.058,0.061,0.079,0.039,0.081,0.056,0.061,0.074,0.041,0.079,0.049,0.134,0.247,0.23,0.174,0.558,0.143,0.055,0.064,0.078,0.045,0.085,0.048,0.075,0.068,0.151,0.375,0.228,0.582,0.389,0.097,0.069,0.054,0.083,0.038,0.087,0.045,0.079,0.058,0.064,0.071,0.05,0.084,0.035,0.082,0.051,0.067
63053073718,4064485,Consumption,18/3/2017,No,0.065,0.052,0.079,0.037,0.079,0.046,0.066,0.064,0.048,0.076,0.034,0.074,0.055,0.055,0.071,0.037,0.075,0.039,0.07,0.058,0.053,0.076,0.039,0.081,0.045,0.074,0.061,0.061,0.076,0.048,0.089,0.036,0.089,0.049,0.079,0.057,0.07,0.063,0.064,0.071,0.055,0.08,0.046,0.089,0.037,0.091,0.044,0.079
63053073718,4064485,Consumption,19/3/2017,No,0.056,0.066,0.068,0.054,0.078,0.042,0.085,0.037,0.082,0.052,0.066,0.066,0.051,0.08,0.037,0.081,0.046,0.071,0.06,0.058,0.077,0.045,0.09,0.036,0.096,0.045,0.105,0.069,0.085,0.077,0.088,0.082,0.073,0.099,0.052,0.108,0.049,0.189,1.214,0.839,1.253,1.254,1.29,1.256,1.297,1.255,1.046,0.218
63053073718,4064485,Consumption,20/3/2017,No,0.077,0.076,0.076,0.074,0.073,0.068,0.074,0.065,0.076,0.062,0.076,0.059,0.081,0.054,0.086,0.251,0.123,0.176,0.16,0.193,0.07,0.09,0.055,0.081,0.062,0.078,0.064,0.082,0.056,0.094,0.045,0.101,0.042,0.097,0.059,0.079,0.081,0.054,0.098,0.034,0.101,0.051,1.237,1.209,1.182,1.218,1.173,1.222
63053073718,4064485,Consumption,21/3/2017,No,1.0,1.231,0.85,0.176,0.047,0.089,0.049,0.088,0.052,0.086,0.053,0.082,0.054,0.168,0.315,0.767,0.694,0.342,0.045,0.104,0.067,0.136,0.118,0.132,0.102,0.132,0.104,0.133,0.088,0.103,0.065,0.089,0.629,1.288,1.232,1.277,1.237,1.276,1.111,1.268,1.186,0.449,0.148,0.165,0.118,0.093,0.089,0.082
63053073718,4064485,Consumption,22/3/2017,No,0.067,0.087,0.057,0.094,0.049,0.1,0.044,0.101,0.042,0.102,0.045,0.105,0.049,0.089,0.122,0.086,0.107,0.079,0.087,0.481,0.619,0.066,0.073,0.053,0.086,0.042,0.091,0.041,0.086,0.051,0.076,0.06,0.065,0.069,0.055,0.079,0.047,0.096,0.061,0.127,0.186,0.223,0.185,0.165,0.105,0.078,0.099,0.049
63053073718,4064485,Consumption,23/3/2017,No,0.094,0.061,0.08,0.076,0.065,0.088,0.054,0.092,0.049,0.092,0.062,0.078,0.067,0.06,0.159,0.114,0.092,0.056,0.06,0.075,0.04,0.08,0.054,0.066,0.077,0.045,0.084,0.053,0.068,0.078,0.044,0.083,0.055,0.069,0.135,0.045,0.029,0.064,0.137,0.184,0.232,0.18,0.535,0.135,0.306,0.103,0.101,0.09
63053073718,4064485,Consumption,24/3/2017,No,0.087,0.087,0.085,0.068,0.083,0.146,0.087,0.083,0.066,0.064,0.07,0.064,0.061,0.061,0.127,0.104,0.071,0.081,0.118,0.129,0.136,0.139,0.127,0.221,0.154,0.221,0.404,0.159,0.059,0.058,0.06,0.059,0.06,0.06,0.059,0.061,0.061,0.062,0.062,0.061,0.061,0.062,0.061,0.068,0.1,0.091,0.082,0.074
63053073718,4064485,Consumption,25/3/2017,No,0.066,0.059,0.061,0.062,0.064,0.064,0.064,0.058,0.058,0.056,0.059,0.062,0.063,0.072,0.076,0.122,0.102,0.077,0.106,0.074,0.165,0.101,0.095,0.071,0.085,0.08,0.072,0.072,0.071,0.071,0.077,0.085,0.073,0.07,0.071,0.07,0.083,0.907,1.226,1.211,1.186,1.537,1.737,0.924,0.128,0.087,0.079,0.077
63053073718,4064485,Consumption,26/3/2017,No,0.077,0.075,0.075,0.072,0.073,0.074,0.072,0.073,0.071,0.072,0.071,0.074,0.075,0.086,0.083,0.072,0.083,0.151,0.104,0.066,0.061,0.061,0.058,0.062,0.062,0.064,0.06,0.064,0.065,0.065,0.065,0.062,0.164,0.092,0.086,0.083,0.071,0.874,1.216,1.042,1.202,1.214,0.71,0.101,0.06,0.061,0.067,0.067
63053073718,4064485,Consumption,27/3/2017,No,0.066,0.065,0.062,0.06,0.06,0.06,0.06,0.06,0.06,0.06,0.062,0.06,0.073,0.135,0.136,0.146,0.114,0.113,0.115,0.115,0.114,0.123,0.125,0.118,0.114,0.114,0.13,0.12,0.114,0.128,0.123,0.115,0.113,0.125,0.224,0.142,0.135,0.177,0.158,0.143,0.131,0.2,0.104,0.087,0.083,0.082,0.061,0.062
63053073718,4064485,Consumption,28/3/2017,No,0.06,0.062,0.061,0.061,0.061,0.061,0.061,0.061,0.061,0.059,0.057,0.057,0.058,0.056,0.065,0.118,0.081,0.054,0.057,0.06,0.06,0.057,0.053,0.054,0.056,0.058,0.062,0.062,0.063,0.063,0.06,0.057,0.057,0.057,0.058,0.058,0.057,0.058,0.061,0.061,0.059,0.102,0.262,0.108,0.065,0.058,0.058,0.056
63053073718,4064485,Consumption,29/3/2017,No,0.058,0.06,0.06,0.06,0.058,0.055,0.054,0.052,0.053,0.061,0.059,0.059,0.051,0.051,0.079,0.243,0.091,0.085,0.06,0.057,0.058,0.058,0.06,0.062,0.063,0.064,0.065,0.064,0.058,0.06,0.06,0.06,0.059,0.065,0.068,0.065,0.065,0.061,0.059,0.086,0.323,0.293,0.288,0.54,0.181,0.37,0.105,0.072
63053073718,4064485,Consumption,30/3/2017,No,0.061,0.061,0.06,0.059,0.056,0.055,0.054,0.053,0.053,0.056,0.058,0.058,0.162,0.091,0.07,0.198,0.363,0.325,0.185,0.161,0.199,0.07,0.128,0.114,0.086,0.06,0.059,0.776,1.389,0.907,1.204,1.321,1.239,1.202,1.196,1.198,0.678,0.136,0.085,0.078,0.064,0.057,0.098,0.07,0.072,0.078,0.074,0.075
63053073718,4064485,Consumption,31/3/2017,No,0.068,0.067,0.069,0.068,0.071,0.078,0.074,0.066,0.065,0.064,0.068,0.068,0.071,0.089,0.093,0.092,0.316,0.753,0.151,0.133,0.098,0.075,0.066,0.068,0.071,0.064,0.184,0.164,0.016,0.0,0.095,0.12,0.001,0.0,0.0,0.0,0.0,0.033,0.059,0.062,0.064,0.064,0.056,0.057,0.057,0.069,0.057,0.059
63053073718,4064485,Consumption,1/4/2017,No,0.051,0.05,0.049,0.052,0.055,0.054,0.163,0.087,0.06,0.059,0.056,0.05,0.05,0.056,0.229,0.326,1.321,1.336,1.186,1.042,0.607,0.0,0.003,0.0,0.006,0.307,0.869,0.727,0.698,0.722,0.293,0.105,0.263,0.539,1.077,1.022,1.268,1.373,0.978,0.74,0.736,0.425,0.127,0.097,0.088,0.18,0.109,0.101
63053073718,4064485,Consumption,2/4/2017,No,0.073,0.073,0.075,0.073,0.133,0.128,0.058,0.213,0.118,0.059,0.056,0.273,0.071,0.255,0.229,0.0,0.0,0.279,0.325,0.0,0.0,0.005,0.0,0.018,0.038,0.0,0.0,0.0,0.0,0.0,0.0,0.0,0.0,0.024,0.021,0.036,0.065,0.063,0.059,0.061,0.059,0.056,0.055,0.059,0.059,0.059,0.052,0.054
63053073718,4064485,Consumption,3/4/2017,No,0.053,0.051,0.055,0.057,0.058,0.049,0.049,0.05,0.051,0.056,0.056,0.238,0.433,0.518,0.914,0.458,0.202,0.029,0.0,0.0,0.0,0.0,0.0,0.0,0.0,0.0,0.0,0.0,0.0,0.0,0.0,0.0,0.0,0.005,0.022,0.045,0.056,0.055,0.055,0.116,0.108,0.106,0.105,0.091,0.07,0.061,0.056,0.056
63053073718,4064485,Consumption,4/4/2017,No,0.054,0.054,0.055,0.06,0.058,0.059,0.057,0.052,0.053,0.058,0.051,0.059,0.06,0.098,0.006,0.0,0.065,0.0,0.0,0.002,0.0,0.003,0.0,0.0,0.0,0.0,0.0,0.0,0.0,0.0,0.0,0.0,0.0,0.01,0.031,0.056,0.058,0.081,0.332,0.355,0.44,0.33,0.474,0.481,0.191,0.22,0.199,0.074
63053073718,4064485,Consumption,5/4/2017,No,0.07,0.068,0.065,0.141,0.245,0.062,0.061,0.261,0.066,0.098,0.227,0.061,0.272,0.049,0.081,0.134,0.527,0.211,0.022,0.091,0.001,0.0,0.0,0.0,0.0,0.0,0.0,0.006,0.0,0.0,0.0,0.003,0.009,0.011,0.114,0.089,0.093,0.157,0.125,0.126,0.126,0.127,0.161,0.09,0.069,0.063,0.063,0.064
63053073718,4064485,Consumption,6/4/2017,No,0.062,0.063,0.062,0.056,0.056,0.055,0.054,0.061,0.06,0.059,0.053,0.086,0.354,0.097,0.014,0.003,0.085,0.013,0.0,0.0,0.0,0.002,0.0,0.0,0.0,0.0,0.0,0.0,0.0,0.0,0.0,0.0,0.0,0.002,0.026,0.055,0.059,0.057,0.057,0.057,0.057,0.146,0.289,0.128,0.101,0.076,0.065,0.062
63053073718,4064485,Consumption,7/4/2017,No,0.063,0.061,0.06,0.059,0.058,0.059,0.062,0.062,0.062,0.06,0.054,0.055,0.172,0.109,0.074,0.0,0.136,0.084,0.041,0.05,0.079,0.083,0.059,0.186,0.307,0.063,0.0,0.0,0.0,0.0,0.0,0.0,0.0,0.004,0.126,0.08,0.13,0.126,0.247,0.17,0.158,0.138,0.085,0.074,0.067,0.065,0.065,0.065
63053073718,4064485,Consumption,8/4/2017,No,0.065,0.063,0.062,0.063,0.059,0.059,0.06,0.059,0.058,0.062,0.064,0.065,0.064,0.059,0.001,0.05,0.0,0.208,0.0,0.0,0.0,0.0,0.002,0.092,0.21,0.824,1.347,1.014,0.0,0.0,0.002,0.0,0.013,0.06,0.071,0.072,0.069,0.067,0.065,0.063,0.063,0.062,0.062,0.063,0.061,0.06,0.06,0.128
63053073718,4064485,Consumption,9/4/2017,No,0.162,0.147,0.12,0.122,0.125,0.125,0.122,0.115,0.111,0.112,0.113,0.119,0.119,0.194,0.926,1.213,1.176,1.293,1.373,0.88,0.0,0.0,0.0,0.0,0.187,0.737,1.088,1.219,0.862,1.033,0.968,1.061,1.16,1.031,0.406,0.329,0.233,0.292,0.314,0.295,0.285,0.068,0.061,0.062,0.061,0.062,0.06,0.057
63053073718,4064485,Consumption,10/4/2017,No,0.054,0.051,0.059,0.276,0.306,0.051,0.052,0.053,0.058,0.167,0.088,0.069,0.133,0.357,0.348,0.339,0.309,0.138,0.121,0.136,0.077,0.037,0.006,0.0,0.039,0.001,0.028,0.064,0.475,0.058,0.201,0.0,0.0,0.332,0.325,0.214,0.063,0.084,0.336,0.062,0.068,0.06,0.066,0.065,0.062,0.058,0.052,0.051
63053073718,4064485,Consumption,11/4/2017,No,0.128,0.116,0.084,0.059,0.057,0.058,0.056,0.057,0.056,0.124,0.069,0.051,0.051,0.347,0.198,0.123,0.411,0.766,0.178,0.075,0.004,0.003,0.0,0.0,0.0,0.0,0.0,0.057,0.0,0.0,0.042,0.001,0.005,0.009,0.033,0.056,0.055,0.053,0.056,0.057,0.056,0.15,0.286,0.429,0.163,0.073,0.07,0.063
63053073718,4064485,Consumption,12/4/2017,No,0.062,0.058,0.056,0.056,0.055,0.058,0.058,0.058,0.058,0.058,0.141,0.088,0.111,0.148,0.059,0.0,0.0,0.004,0.013,0.019,0.253,0.008,0.0,0.0,0.0,0.0,0.0,0.0,0.0,0.0,0.0,0.003,0.008,0.014,0.025,0.056,0.057,0.056,0.054,0.05,0.081,0.241,0.275,0.2,0.069,0.079,0.083,0.08
63053073718,4064485,Consumption,13/4/2017,No,0.074,0.064,0.061,0.057,0.055,0.058,0.053,0.051,0.054,0.05,0.051,0.053,0.05,0.319,0.35,0.115,0.001,0.0,0.0,0.236,0.124,0.0,0.0,0.0,0.0,0.0,0.0,0.0,0.0,0.0,0.002,0.008,0.013,0.018,0.033,0.055,0.054,0.056,0.401,0.507,0.243,0.268,0.284,0.369,0.194,0.182,0.261,0.062
63053073718,4064485,Consumption,14/4/2017,No,0.06,0.061,0.059,0.055,0.057,0.055,0.054,0.054,0.053,0.054,0.053,0.053,0.055,0.057,0.306,0.279,0.081,0.07,0.703,0.0,0.0,0.096,0.192,0.199,0.135,0.466,0.019,0.089,0.008,0.692,0.365,0.12,0.065,0.016,0.012,0.055,0.06,0.056,0.054,0.053,0.056,0.275,0.141,0.06,0.06,0.06,0.059,0.056
63053073718,4064485,Consumption,15/4/2017,No,0.055,0.054,0.053,0.053,0.053,0.057,0.057,0.057,0.056,0.056,0.053,0.053,0.063,0.339,0.065,0.0,0.0,0.0,0.0,0.0,0.02,0.0,0.0,0.0,0.007,0.191,0.359,0.0,0.0,0.0,0.0,0.034,0.042,0.022,0.129,0.79,1.205,0.788,0.4,0.259,0.108,0.524,0.153,0.6,0.073,0.063,0.166,0.09
63053073718,4064485,Consumption,16/4/2017,No,0.085,0.065,0.069,0.062,0.062,0.077,0.077,0.071,0.069,0.05,0.052,0.054,0.319,0.508,1.29,1.385,1.338,1.188,0.263,0.0,0.0,0.0,0.0,0.0,0.0,0.0,0.0,0.0,0.0,0.0,0.0,0.0,0.0,0.11,0.035,0.172,0.078,0.299,0.206,0.359,0.462,0.141,0.094,0.067,0.068,0.064,0.058,0.055
63053073718,4064485,Consumption,17/4/2017,No,0.055,0.054,0.052,0.054,0.054,0.053,0.054,0.053,0.05,0.053,0.05,0.05,0.051,0.051,0.001,0.0,0.014,0.308,0.017,0.165,0.259,0.746,0.485,0.302,0.359,0.544,0.429,0.0,0.0,0.0,0.0,0.0,0.0,0.001,0.043,0.354,0.387,0.318,0.14,0.186,0.354,0.15,0.051,0.05,0.051,0.055,0.052,0.05
63053073718,4064485,Consumption,18/4/2017,No,0.048,0.049,0.048,0.045,0.046,0.046,0.046,0.045,0.046,0.122,0.046,0.048,0.045,0.232,0.317,0.266,0.075,0.072,0.129,0.121,0.047,0.091,0.066,0.001,0.0,0.053,0.392,0.001,0.0,0.0,0.0,0.0,0.008,0.02,0.039,0.057,0.067,0.064,0.115,0.079,0.106,0.096,0.181,0.087,0.077,0.052,0.052,0.051
63053073718,4064485,Consumption,19/4/2017,No,0.051,0.049,0.049,0.048,0.047,0.047,0.047,0.046,0.046,0.045,0.046,0.044,0.043,0.07,0.087,0.209,0.341,0.126,0.199,0.273,0.042,0.0,0.0,0.0,0.0,0.036,0.0,0.0,0.0,0.0,0.0,0.0,0.0,0.009,0.031,0.049,0.049,0.049,0.048,0.049,0.049,0.048,0.049,0.05,0.051,0.049,0.05,0.049
63053073718,4064485,Consumption,20/4/2017,No,0.05,0.049,0.049,0.05,0.048,0.048,0.048,0.049,0.049,0.047,0.047,0.047,0.046,0.05,0.034,0.0,0.0,0.0,0.0,0.0,0.0,0.0,0.0,0.0,0.0,0.0,0.0,0.0,0.0,0.0,0.0,0.0,0.0,0.0,0.024,0.059,0.055,0.054,0.051,0.048,0.049,0.138,0.204,0.098,0.087,0.058,0.067,0.053
63053073718,4064485,Consumption,21/4/2017,No,0.05,0.049,0.049,0.049,0.053,0.052,0.052,0.052,0.05,0.051,0.05,0.048,0.05,0.124,0.098,0.458,0.061,0.168,0.134,0.14,0.88,0.785,0.58,0.916,0.674,0.0,0.0,0.0,0.0,0.0,0.0,0.0,0.016,0.036,0.048,0.048,0.047,0.09,0.168,0.108,0.111,0.109,0.109,0.11,0.108,0.109,0.082,0.068
63053073718,4064485,Consumption,22/4/2017,No,0.056,0.051,0.05,0.052,0.049,0.049,0.115,0.123,0.08,0.056,0.057,0.053,0.052,0.053,0.066,0.281,0.055,0.0,0.0,0.0,0.0,0.0,0.0,0.0,0.001,0.0,0.0,0.0,0.348,1.008,1.064,1.212,1.655,1.31,1.413,1.299,1.212,0.506,0.084,0.087,0.19,0.21,0.146,0.127,0.118,0.116,0.124,0.127
63053073718,4064485,Consumption,23/4/2017,No,0.119,0.114,0.114,0.113,0.113,0.112,0.112,0.111,0.111,0.111,0.108,0.106,0.108,0.108,0.178,0.003,0.0,0.0,0.0,0.0,0.0,0.0,0.02,0.0,0.001,0.002,0.0,0.47,0.542,0.573,0.12,0.175,0.598,0.735,0.209,0.436,0.504,0.19,0.179,0.245,0.244,0.273,0.155,0.121,0.154,0.214,0.141,0.138
63053073718,4064485,Consumption,24/4/2017,No,0.135,0.129,0.121,0.115,0.114,0.114,0.114,0.118,0.118,0.116,0.116,0.076,0.064,0.089,0.131,0.578,0.832,0.957,0.987,0.891,0.578,0.003,0.0,0.013,0.0,0.0,0.0,0.0,0.0,0.0,0.0,0.0,0.0,0.016,0.093,0.126,0.13,0.185,0.169,0.166,0.238,0.491,0.206,0.104,0.092,0.065,0.075,0.076
63053073718,4064485,Consumption,25/4/2017,No,0.068,0.099,0.126,0.12,0.116,0.114,0.117,0.132,0.139,0.129,0.126,0.08,0.068,0.077,0.078,0.098,0.12,0.061,0.04,0.01,0.18,0.003,0.0,0.124,0.002,0.006,0.006,0.026,0.155,0.015,0.021,0.082,0.09,0.13,0.16,0.209,0.161,0.15,0.145,0.172,0.678,0.232,0.4,0.132,0.12,0.112,0.109,0.089
63053073718,4064485,Consumption,26/4/2017,No,0.061,0.059,0.064,0.062,0.062,0.083,0.061,0.061,0.089,0.116,0.108,0.107,0.108,0.116,0.119,0.439,0.235,0.225,0.06,0.001,0.0,0.0,0.0,0.0,0.022,0.073,0.036,0.134,0.036,0.0,0.0,0.025,0.046,0.122,0.205,0.245,0.427,0.402,0.415,0.26,0.531,0.526,0.478,0.189,0.097,0.119,0.11,0.07
63053073718,4064485,Consumption,27/4/2017,No,0.058,0.058,0.061,0.058,0.056,0.058,0.121,0.111,0.085,0.056,0.07,0.323,0.317,0.334,0.362,0.331,0.187,0.904,0.077,0.0,0.0,0.002,0.0,0.0,0.059,0.12,0.011,0.0,0.0,0.0,0.243,0.209,0.305,0.357,0.416,0.304,0.19,0.499,0.606,0.517,0.774,0.551,0.569,0.135,0.088,0.075,0.073,0.073
63053073718,4064485,Generation,27/4/2017,No,0.0,0.0,0.0,0.0,0.0,0.0,0.0,0.0,0.0,0.0,0.0,0.0,0.0,0.0,0.0,0.0,0.0,0.0,0.0,0.0,0.0,0.0,0.0,0.0,0.0,0.0,0.033,0.236,0.265,0.379,0.036,0.0,0.0,0.0,0.0,0.0,0.0,0.0,0.0,0.0,0.0,0.0,0.0,0.0,0.0,0.0,0.0,0.0
63053073718,4064485,Consumption,28/4/2017,No,0.071,0.071,0.13,0.124,0.121,0.07,0.068,0.067,0.069,0.293,0.097,0.128,0.575,0.59,0.979,1.228,1.352,1.089,0.804,0.88,0.428,0.841,0.319,0.029,0.0,0.01,0.932,1.381,0.602,1.114,1.071,0.242,0.04,0.049,0.087,0.059,0.059,0.132,0.218,0.275,0.415,0.223,0.196,0.26,0.359,0.117,0.081,0.109
63053073718,4064485,Generation,28/4/2017,No,0.0,0.0,0.0,0.0,0.0,0.0,0.0,0.0,0.0,0.0,0.0,0.0,0.0,0.0,0.0,0.0,0.0,0.0,0.0,0.0,0.077,0.0,0.003,0.044,0.071,0.03,0.008,0.0,0.036,0.01,0.02,0.002,0.004,0.001,0.0,0.0,0.0,0.0,0.0,0.0,0.0,0.0,0.0,0.0,0.0,0.0,0.0,0.0
63053073718,4064485,Consumption,29/4/2017,No,0.223,0.065,0.066,0.149,0.126,0.121,0.121,0.072,0.064,0.065,0.064,0.063,0.092,0.133,0.129,0.134,0.712,0.054,0.0,0.0,0.005,0.0,0.0,0.0,0.0,0.0,0.0,0.0,0.0,0.117,0.227,0.276,0.123,0.123,0.14,0.161,0.334,0.373,0.384,0.199,0.486,0.42,0.325,0.348,0.169,0.087,0.071,0.064
63053073718,4064485,Generation,29/4/2017,No,0.0,0.0,0.0,0.0,0.0,0.0,0.0,0.0,0.0,0.0,0.0,0.0,0.0,0.0,0.0,0.0,0.001,0.031,0.065,0.497,0.328,0.416,0.493,0.879,0.428,0.386,0.388,0.356,0.234,0.019,0.0,0.0,0.0,0.0,0.0,0.0,0.0,0.0,0.0,0.0,0.0,0.0,0.0,0.0,0.0,0.0,0.0,0.0
63053073718,4064485,Consumption,30/4/2017,No,0.062,0.127,0.117,0.114,0.082,0.063,0.062,0.063,0.062,0.094,0.121,0.113,0.21,0.487,0.363,0.161,1.055,1.588,0.255,1.038,0.776,0.163,0.0,0.0,0.0,0.0,0.0,0.145,0.026,0.0,0.0,0.0,0.013,0.064,0.393,0.355,0.163,0.227,0.21,0.349,0.127,0.221,0.528,0.153,0.132,0.078,0.073,0.065
63053073718,4064485,Generation,30/4/2017,No,0.0,0.0,0.0,0.0,0.0,0.0,0.0,0.0,0.0,0.0,0.0,0.0,0.0,0.0,0.0,0.003,0.0,0.0,0.026,0.0,0.0,0.098,0.356,0.575,0.513,0.362,0.204,0.012,0.155,0.291,0.236,0.15,0.05,0.0,0.0,0.0,0.0,0.0,0.0,0.0,0.0,0.0,0.0,0.0,0.0,0.0,0.0,0.0
63053073718,4064485,Consumption,1/5/2017,No,0.063,0.063,0.119,0.117,0.112,0.071,0.06,0.059,0.059,0.081,0.118,0.109,0.09,0.178,0.385,0.391,0.622,0.255,0.018,0.203,0.189,0.053,0.0,0.0,0.0,0.0,0.0,0.0,0.0,0.0,0.011,0.104,0.024,0.14,0.17,0.233,0.397,0.604,0.529,0.277,0.293,0.369,0.453,0.292,0.2,0.387,0.271,0.124
63053073718,4064485,Generation,1/5/2017,No,0.0,0.0,0.0,0.0,0.0,0.0,0.0,0.0,0.0,0.0,0.0,0.0,0.0,0.0,0.0,0.0,0.019,0.007,0.026,0.001,0.0,0.025,0.503,1.056,0.515,0.064,0.117,0.241,0.234,0.129,0.026,0.012,0.012,0.0,0.0,0.0,0.0,0.0,0.0,0.0,0.0,0.0,0.0,0.0,0.0,0.0,0.0,0.0
63053073718,4064485,Consumption,2/5/2017,No,0.205,0.487,0.348,0.293,0.358,0.442,0.186,0.068,0.324,0.216,0.06,0.075,0.121,0.114,0.049,0.016,0.144,0.015,0.0,0.0,0.02,0.0,0.0,0.0,0.0,0.0,0.0,0.138,0.038,0.19,0.06,0.005,0.285,0.086,0.131,0.134,0.126,0.542,0.571,0.338,0.446,0.413,0.428,0.526,0.09,0.319,0.074,0.072
63053073718,4064485,Generation,2/5/2017,No,0.0,0.0,0.0,0.0,0.0,0.0,0.0,0.0,0.0,0.0,0.0,0.0,0.0,0.0,0.006,0.184,0.003,0.396,0.605,0.884,0.5,0.746,0.514,1.06,0.65,0.367,0.226,0.009,0.065,0.0,0.116,0.057,0.001,0.0,0.0,0.0,0.0,0.0,0.0,0.0,0.0,0.0,0.0,0.0,0.0,0.0,0.0,0.0
63053073718,4064485,Consumption,3/5/2017,No,0.09,0.116,0.084,0.059,0.06,0.061,0.064,0.062,0.08,0.116,0.084,0.055,0.282,0.33,0.35,0.202,0.0,0.0,0.0,0.0,0.0,0.0,0.0,0.0,0.0,0.0,0.0,0.0,0.0,0.0,0.0,0.0,0.009,0.02,0.052,0.055,0.303,0.626,0.521,0.509,0.44,0.433,0.159,0.092,0.123,0.118,0.071,0.058
63053073718,4064485,Generation,3/5/2017,No,0.0,0.0,0.0,0.0,0.0,0.0,0.0,0.0,0.0,0.0,0.0,0.0,0.0,0.0,0.0,0.013,0.188,0.654,1.001,1.184,1.166,1.33,1.297,0.722,0.561,0.278,0.271,0.278,0.202,0.088,0.056,0.055,0.023,0.01,0.0,0.0,0.0,0.0,0.0,0.0,0.0,0.0,0.0,0.0,0.0,0.0,0.0,0.0
63053073718,4064485,Consumption,4/5/2017,No,0.175,0.326,0.065,0.062,0.162,0.116,0.063,0.055,0.055,0.055,0.054,0.06,0.461,0.39,0.513,0.185,0.0,0.0,0.06,0.004,0.008,0.0,0.0,0.321,0.199,0.415,0.284,0.281,0.023,0.003,0.543,0.166,0.172,0.11,0.13,0.115,0.061,0.058,0.06,0.059,0.233,0.357,0.117,0.075,0.058,0.058,0.058,0.057
63053073718,4064485,Generation,4/5/2017,No,0.0,0.0,0.0,0.0,0.0,0.0,0.0,0.0,0.0,0.0,0.0,0.0,0.0,0.0,0.0,0.04,0.561,0.882,0.044,0.043,0.041,0.081,0.385,0.069,0.002,0.0,0.0,0.0,0.012,0.023,0.001,0.002,0.0,0.0,0.0,0.0,0.0,0.0,0.0,0.0,0.0,0.0,0.0,0.0,0.0,0.0,0.0,0.0
63053073718,4064485,Consumption,5/5/2017,No,0.079,0.116,0.1,0.057,0.061,0.061,0.06,0.061,0.107,0.13,0.176,0.093,0.251,0.415,0.385,0.124,0.056,0.0,0.0,0.0,0.091,0.015,0.037,0.079,0.064,0.893,0.748,0.838,0.83,0.786,0.831,0.375,0.155,0.072,0.07,0.063,0.101,0.268,0.067,0.126,0.116,0.241,0.213,0.064,0.062,0.061,0.06,0.104
63053073718,4064485,Generation,5/5/2017,No,0.0,0.0,0.0,0.0,0.0,0.0,0.0,0.0,0.0,0.0,0.0,0.0,0.0,0.0,0.0,0.041,0.108,0.536,0.896,0.924,0.697,0.751,0.761,0.523,0.23,0.004,0.0,0.0,0.0,0.039,0.0,0.0,0.0,0.0,0.0,0.0,0.0,0.0,0.0,0.0,0.0,0.0,0.0,0.0,0.0,0.0,0.0,0.0
63053073718,4064485,Consumption,6/5/2017,No,0.115,0.112,0.098,0.059,0.062,0.062,0.061,0.085,0.121,0.11,0.087,0.056,0.058,0.067,0.376,0.147,0.0,0.0,0.003,0.0,0.0,0.0,0.0,0.0,0.071,0.225,0.073,0.024,0.03,0.074,0.069,0.097,0.127,0.22,0.215,0.216,0.09,0.059,0.075,0.059,0.079,0.073,0.078,1.362,1.184,1.207,1.19,1.206
63053073718,4064485,Generation,6/5/2017,No,0.0,0.0,0.0,0.0,0.0,0.0,0.0,0.0,0.0,0.0,0.0,0.0,0.0,0.0,0.0,0.037,0.421,0.763,0.868,0.975,1.185,1.04,0.99,0.711,0.031,0.0,0.079,0.062,0.009,0.0,0.0,0.0,0.0,0.0,0.0,0.0,0.0,0.0,0.0,0.0,0.0,0.0,0.0,0.0,0.0,0.0,0.0,0.0
63053073718,4064485,Consumption,7/5/2017,No,1.058,1.126,1.116,0.474,0.089,0.059,0.08,0.075,0.062,0.075,0.058,0.077,0.051,0.073,0.085,0.268,0.045,0.026,0.0,0.0,0.0,0.0,0.0,0.0,0.0,0.001,0.0,0.0,0.0,0.0,0.004,0.0,0.001,0.039,0.069,0.231,0.511,0.423,0.463,0.686,0.454,0.488,0.551,0.502,0.337,0.405,0.079,0.092
63053073718,4064485,Generation,7/5/2017,No,0.0,0.0,0.0,0.0,0.0,0.0,0.0,0.0,0.0,0.0,0.0,0.0,0.0,0.0,0.0,0.0,0.195,0.313,0.918,0.607,0.997,0.818,0.6,0.55,0.573,0.313,0.244,0.411,0.332,0.219,0.112,0.084,0.046,0.003,0.0,0.0,0.0,0.0,0.0,0.0,0.0,0.0,0.0,0.0,0.0,0.0,0.0,0.0
63053073718,4064485,Consumption,8/5/2017,No,0.084,0.073,0.075,0.078,0.073,0.059,0.073,0.073,0.061,0.063,0.077,0.076,0.29,0.369,0.561,0.441,0.302,0.235,0.011,0.002,0.0,0.0,0.0,0.0,0.0,0.0,0.002,0.0,0.0,0.031,0.0,0.036,0.16,0.092,0.158,0.133,0.241,0.532,0.499,0.51,0.605,0.516,0.51,0.5,0.117,0.089,0.082,0.069
63053073718,4064485,Generation,8/5/2017,No,0.0,0.0,0.0,0.0,0.0,0.0,0.0,0.0,0.0,0.0,0.0,0.0,0.0,0.0,0.0,0.0,0.002,0.011,0.033,0.055,0.17,0.248,0.252,0.598,0.222,0.182,0.116,0.194,0.171,0.041,0.059,0.019,0.001,0.0,0.0,0.0,0.0,0.0,0.0,0.0,0.0,0.0,0.0,0.0,0.0,0.0,0.0,0.0
63053073718,4064485,Consumption,9/5/2017,No,0.074,0.08,0.08,0.076,0.061,0.071,0.072,0.069,0.073,0.057,0.077,0.076,0.069,0.067,0.065,0.285,0.035,0.05,0.166,0.095,0.0,0.0,0.013,0.0,0.0,0.116,0.067,0.001,0.001,0.505,0.021,0.448,0.072,0.056,0.297,0.138,0.244,0.464,0.156,0.163,0.394,0.132,0.192,0.34,0.106,0.147,0.318,0.071
63053073718,4064485,Generation,9/5/2017,No,0.0,0.0,0.0,0.0,0.0,0.0,0.0,0.0,0.0,0.0,0.0,0.0,0.0,0.0,0.0,0.001,0.003,0.005,0.0,0.0,0.077,0.273,0.118,0.303,0.278,0.264,0.092,0.172,0.131,0.034,0.046,0.0,0.002,0.008,0.0,0.0,0.0,0.0,0.0,0.0,0.0,0.0,0.0,0.0,0.0,0.0,0.0,0.0
63053073718,4064485,Consumption,10/5/2017,No,0.228,0.255,0.079,0.063,0.077,0.08,0.078,0.06,0.07,0.071,0.07,0.056,0.079,0.077,0.057,0.096,0.44,0.229,0.274,0.039,0.003,0.0,0.0,0.001,0.0,0.002,0.004,0.014,0.019,0.016,0.026,0.035,0.029,0.05,0.072,0.071,0.07,0.063,0.069,0.072,0.067,0.067,0.052,0.068,0.074,0.075,0.051,0.069
63053073718,4064485,Generation,10/5/2017,No,0.0,0.0,0.0,0.0,0.0,0.0,0.0,0.0,0.0,0.0,0.0,0.0,0.0,0.0,0.0,0.09,0.216,0.184,0.0,0.002,0.048,0.098,0.081,0.759,0.427,0.065,0.026,0.025,0.021,0.01,0.01,0.008,0.003,0.0,0.0,0.0,0.0,0.0,0.0,0.0,0.0,0.0,0.0,0.0,0.0,0.0,0.0,0.0
63053073718,4064485,Consumption,11/5/2017,No,0.12,0.154,0.088,0.076,0.076,0.068,0.051,0.072,0.075,0.062,0.059,0.068,0.062,0.066,0.067,0.002,0.0,0.0,0.0,0.0,0.0,0.347,0.433,0.825,1.005,0.949,0.903,0.084,0.258,0.178,0.032,0.0,0.008,0.026,0.072,0.072,0.055,0.064,0.072,0.072,0.073,0.061,0.068,0.067,0.067,0.057,0.072,0.074
63053073718,4064485,Generation,11/5/2017,No,0.0,0.0,0.0,0.0,0.0,0.0,0.0,0.0,0.0,0.0,0.0,0.0,0.0,0.0,0.0,0.053,0.265,0.525,0.635,0.542,0.783,0.342,0.122,0.0,0.0,0.0,0.029,0.273,0.17,0.188,0.14,0.08,0.049,0.013,0.0,0.0,0.0,0.0,0.0,0.0,0.0,0.0,0.0,0.0,0.0,0.0,0.0,0.0
63053073718,4064485,Consumption,12/5/2017,No,0.067,0.057,0.066,0.078,0.076,0.051,0.065,0.067,0.057,0.07,0.079,0.049,0.069,0.077,0.053,0.027,0.0,0.0,0.0,0.0,0.0,0.0,0.0,0.0,0.0,0.05,0.377,0.216,0.366,0.24,0.228,0.001,0.008,0.032,0.079,0.076,0.075,0.058,0.061,0.068,0.173,0.402,0.296,0.112,0.235,0.164,0.146,0.132
63053073718,4064485,Generation,12/5/2017,No,0.0,0.0,0.0,0.0,0.0,0.0,0.0,0.0,0.0,0.0,0.0,0.0,0.0,0.0,0.0,0.107,0.462,0.739,0.922,1.088,1.165,1.17,1.176,1.019,0.408,0.117,0.034,0.05,0.03,0.027,0.027,0.039,0.016,0.003,0.0,0.0,0.0,0.0,0.0,0.0,0.0,0.0,0.0,0.0,0.0,0.0,0.0,0.0
63053073718,4064485,Consumption,13/5/2017,No,0.122,0.08,0.091,0.084,0.077,0.077,0.062,0.305,0.337,0.337,0.34,0.329,0.338,0.367,0.375,0.28,0.076,0.0,0.0,0.016,0.028,0.57,0.497,0.46,0.884,0.899,0.917,0.865,0.255,0.026,0.006,0.034,0.038,0.063,0.081,0.071,0.071,0.078,0.083,0.512,0.39,0.122,0.078,0.073,0.067,0.217,0.211,0.076
63053073718,4064485,Generation,13/5/2017,No,0.0,0.0,0.0,0.0,0.0,0.0,0.0,0.0,0.0,0.0,0.0,0.0,0.0,0.0,0.0,0.0,0.099,0.595,0.813,0.748,0.371,0.021,0.011,0.037,0.0,0.0,0.0,0.0,0.0,0.054,0.085,0.0,0.002,0.0,0.0,0.0,0.0,0.0,0.0,0.0,0.0,0.0,0.0,0.0,0.0,0.0,0.0,0.0
63053073718,4064485,Consumption,14/5/2017,No,0.172,0.208,0.078,0.172,0.279,0.056,0.218,0.224,0.08,0.343,0.111,0.211,0.266,0.135,0.348,0.173,0.037,0.112,0.699,1.201,0.125,0.0,0.0,0.0,0.0,0.0,0.0,0.21,0.977,1.412,0.462,0.219,0.021,0.173,0.114,0.102,0.064,0.08,0.075,0.08,0.183,0.456,0.386,0.335,0.071,0.279,0.085,0.079
63053073718,4064485,Generation,14/5/2017,No,0.0,0.0,0.0,0.0,0.0,0.0,0.0,0.0,0.0,0.0,0.0,0.0,0.0,0.0,0.0,0.001,0.126,0.04,0.078,0.0,0.177,0.211,0.238,0.194,0.236,0.209,0.33,0.226,0.0,0.0,0.065,0.064,0.026,0.0,0.0,0.0,0.0,0.0,0.0,0.0,0.0,0.0,0.0,0.0,0.0,0.0,0.0,0.0
63053073718,4064485,Consumption,15/5/2017,No,0.06,0.072,0.083,0.079,0.058,0.074,0.064,0.085,0.071,0.059,0.073,0.3,0.339,0.332,0.39,0.343,0.522,1.351,1.322,1.234,0.394,0.166,0.0,0.0,0.077,0.058,0.0,0.015,0.009,0.0,0.015,0.229,0.013,0.051,0.283,0.158,0.081,0.273,0.181,0.08,0.315,0.152,0.113,0.339,0.139,0.201,0.109,0.104
63053073718,4064485,Generation,15/5/2017,No,0.0,0.0,0.0,0.0,0.0,0.0,0.0,0.0,0.0,0.0,0.0,0.0,0.0,0.0,0.0,0.0,0.0,0.0,0.0,0.0,0.0,0.007,0.095,0.113,0.028,0.066,0.183,0.103,0.127,0.086,0.04,0.0,0.016,0.0,0.0,0.0,0.0,0.0,0.0,0.0,0.0,0.0,0.0,0.0,0.0,0.0,0.0,0.0
63053073718,4064485,Consumption,16/5/2017,No,0.077,0.076,0.078,0.123,0.231,0.375,0.176,0.066,0.202,0.081,0.071,0.063,0.343,0.535,0.333,0.644,1.102,1.056,1.035,0.938,0.896,0.65,0.783,0.428,0.076,0.059,0.0,0.0,0.0,0.0,0.0,0.023,0.027,0.041,0.075,0.147,0.162,0.428,0.384,0.394,0.401,0.41,0.407,0.194,0.1,0.096,0.085,0.078
63053073718,4064485,Generation,16/5/2017,No,0.0,0.0,0.0,0.0,0.0,0.0,0.0,0.0,0.0,0.0,0.0,0.0,0.0,0.0,0.0,0.0,0.0,0.0,0.0,0.0,0.0,0.044,0.0,0.008,0.001,0.036,0.055,0.089,0.111,0.132,0.109,0.054,0.007,0.0,0.0,0.0,0.0,0.0,0.0,0.0,0.0,0.0,0.0,0.0,0.0,0.0,0.0,0.0
63053073718,4064485,Consumption,17/5/2017,No,0.066,0.075,0.075,0.077,0.074,0.059,0.072,0.073,0.08,0.078,0.065,0.075,0.295,0.392,0.385,0.43,0.455,0.142,0.087,0.117,0.015,0.0,0.0,0.092,0.196,0.011,0.023,0.0,0.0,0.033,0.026,0.048,0.065,0.178,0.353,0.13,0.128,0.288,0.22,0.188,0.215,0.268,0.259,0.248,0.102,0.086,0.084,0.08
63053073718,4064485,Generation,17/5/2017,No,0.0,0.0,0.0,0.0,0.0,0.0,0.0,0.0,0.0,0.0,0.0,0.0,0.0,0.0,0.0,0.0,0.0,0.0,0.025,0.032,0.058,0.161,0.134,0.101,0.0,0.105,0.175,0.188,0.054,0.018,0.006,0.0,0.0,0.0,0.0,0.0,0.0,0.0,0.0,0.0,0.0,0.0,0.0,0.0,0.0,0.0,0.0,0.0
63053073718,4064485,Consumption,18/5/2017,No,0.079,0.08,0.076,0.078,0.175,0.105,0.085,0.079,0.08,0.078,0.067,0.075,0.072,0.16,0.327,0.064,0.002,0.002,0.0,0.096,0.0,0.059,0.0,0.308,0.605,0.995,0.862,0.947,0.926,1.06,1.002,1.001,0.628,0.427,0.153,0.145,0.401,0.169,0.163,0.396,0.145,0.139,0.376,0.256,0.15,0.138,0.129,0.123
63053073718,4064485,Generation,18/5/2017,No,0.0,0.0,0.0,0.0,0.0,0.0,0.0,0.0,0.0,0.0,0.0,0.0,0.0,0.0,0.0,0.0,0.039,0.083,0.257,0.53,0.91,0.464,0.984,0.379,0.002,0.0,0.0,0.0,0.0,0.0,0.0,0.0,0.0,0.0,0.0,0.0,0.0,0.0,0.0,0.0,0.0,0.0,0.0,0.0,0.0,0.0,0.0,0.0
63053073718,4064485,Consumption,19/5/2017,No,0.13,0.129,0.133,0.129,0.13,0.121,0.132,0.133,0.133,0.133,0.133,0.132,0.127,0.165,0.519,0.327,0.143,0.116,0.462,0.86,0.285,0.061,0.086,0.058,0.154,1.008,0.227,0.147,0.348,0.565,0.443,0.074,0.083,0.084,0.091,0.09,0.134,0.134,0.131,0.134,0.122,0.122,0.134,0.901,1.506,1.489,1.471,1.236
63053073718,4064485,Generation,19/5/2017,No,0.0,0.0,0.0,0.0,0.0,0.0,0.0,0.0,0.0,0.0,0.0,0.0,0.0,0.0,0.0,0.0,0.0,0.0,0.0,0.0,0.008,0.006,0.01,0.023,0.14,0.005,0.047,0.011,0.0,0.0,0.0,0.015,0.0,0.0,0.0,0.0,0.0,0.0,0.0,0.0,0.0,0.0,0.0,0.0,0.0,0.0,0.0,0.0
63053073718,4064485,Consumption,20/5/2017,No,1.023,1.236,1.223,0.914,0.267,0.08,0.084,0.087,0.085,0.086,0.07,0.208,0.35,0.348,0.482,0.315,0.173,0.048,0.0,0.0,0.012,0.034,0.024,0.617,0.19,0.085,0.133,0.0,0.529,1.224,1.3,1.263,1.254,0.443,0.136,0.128,0.124,0.138,1.601,1.88,1.414,1.34,1.311,0.518,0.112,0.088,0.088,0.089
63053073718,4064485,Generation,20/5/2017,No,0.0,0.0,0.0,0.0,0.0,0.0,0.0,0.0,0.0,0.0,0.0,0.0,0.0,0.0,0.0,0.0,0.0,0.307,0.765,0.963,0.82,0.868,0.675,0.239,0.167,0.128,0.179,0.125,0.001,0.0,0.0,0.0,0.0,0.0,0.0,0.0,0.0,0.0,0.0,0.0,0.0,0.0,0.0,0.0,0.0,0.0,0.0,0.0
63053073718,4064485,Consumption,21/5/2017,No,0.088,0.088,0.079,0.074,0.086,0.086,0.083,0.19,0.345,0.341,0.345,0.088,0.086,0.087,0.075,0.321,0.011,0.006,0.019,0.0,0.0,0.0,0.0,0.0,0.0,0.0,0.0,0.001,0.004,0.0,0.013,0.047,0.054,0.084,0.085,0.075,0.254,1.132,1.498,1.382,1.386,1.366,1.324,1.804,1.641,1.379,0.71,0.245
63053073718,4064485,Generation,21/5/2017,No,0.0,0.0,0.0,0.0,0.0,0.0,0.0,0.0,0.0,0.0,0.0,0.0,0.0,0.0,0.0,0.0,0.091,0.283,0.358,0.872,0.491,0.365,0.237,0.457,0.196,0.171,0.058,0.053,0.097,0.128,0.017,0.0,0.0,0.0,0.0,0.0,0.0,0.0,0.0,0.0,0.0,0.0,0.0,0.0,0.0,0.0,0.0,0.0
63053073718,4064485,Consumption,22/5/2017,No,0.086,0.081,0.083,0.088,0.085,0.087,0.088,0.088,0.08,0.075,0.085,0.087,0.312,0.348,0.43,0.36,0.225,0.0,0.0,0.0,0.0,0.0,0.0,0.0,0.0,0.001,0.018,0.049,0.032,0.064,0.076,0.039,0.058,0.087,0.102,0.113,0.119,0.199,0.243,0.269,0.289,0.465,0.423,0.418,0.215,0.094,0.093,0.091
63053073718,4064485,Generation,22/5/2017,No,0.0,0.0,0.0,0.0,0.0,0.0,0.0,0.0,0.0,0.0,0.0,0.0,0.0,0.0,0.0,0.0,0.212,0.564,0.777,0.868,1.021,1.075,1.025,0.964,0.276,0.015,0.012,0.011,0.013,0.012,0.005,0.0,0.0,0.0,0.0,0.0,0.0,0.0,0.0,0.0,0.0,0.0,0.0,0.0,0.0,0.0,0.0,0.0
63053073718,4064485,Consumption,23/5/2017,No,0.089,0.084,0.082,0.092,0.095,0.097,0.094,0.094,0.087,0.09,0.088,0.085,0.177,0.124,0.125,0.059,0.006,0.0,0.008,0.0,0.009,0.157,0.041,0.149,0.57,0.55,0.282,0.016,0.008,0.216,0.087,0.104,0.108,0.11,0.363,0.401,0.188,0.182,0.375,0.15,0.691,0.749,0.229,0.322,0.215,0.102,0.279,0.095
63053073718,4064485,Generation,23/5/2017,No,0.0,0.0,0.0,0.0,0.0,0.0,0.0,0.0,0.0,0.0,0.0,0.0,0.0,0.0,0.0,0.008,0.083,0.195,0.019,0.165,0.161,0.023,0.003,0.015,0.001,0.0,0.002,0.041,0.051,0.016,0.0,0.0,0.0,0.0,0.0,0.0,0.0,0.0,0.0,0.0,0.0,0.0,0.0,0.0,0.0,0.0,0.0,0.0
63053073718,4064485,Consumption,24/5/2017,No,0.216,0.184,0.122,0.101,0.091,0.078,0.087,0.087,0.086,0.095,0.119,0.145,0.158,0.423,0.353,0.222,0.021,0.126,0.0,0.0,0.0,0.0,0.0,0.001,0.0,0.002,0.0,0.0,0.008,0.001,0.0,0.018,0.215,0.378,0.2,0.236,0.37,0.244,0.317,0.417,0.386,0.091,0.204,0.123,0.116,0.092,0.09,0.09
63053073718,4064485,Generation,24/5/2017,No,0.0,0.0,0.0,0.0,0.0,0.0,0.0,0.0,0.0,0.0,0.0,0.0,0.0,0.0,0.0,0.0,0.035,0.084,0.706,0.936,0.814,0.569,0.29,0.201,0.234,0.172,0.183,0.139,0.121,0.077,0.1,0.027,0.002,0.0,0.0,0.0,0.0,0.0,0.0,0.0,0.0,0.0,0.0,0.0,0.0,0.0,0.0,0.0
63053073718,4064485,Consumption,25/5/2017,No,0.097,0.103,0.099,0.114,0.13,0.138,0.189,0.208,0.229,0.219,0.245,0.253,0.248,0.283,0.473,0.394,0.292,0.236,0.0,0.047,0.092,0.0,0.005,0.0,0.89,1.262,1.115,1.0,1.04,0.999,1.314,1.061,0.371,0.146,0.366,0.167,0.843,0.959,0.446,0.289,0.13,0.137,0.663,0.829,0.19,0.097,0.099,0.102
63053073718,4064485,Generation,25/5/2017,No,0.0,0.0,0.0,0.0,0.0,0.0,0.0,0.0,0.0,0.0,0.0,0.0,0.0,0.0,0.0,0.0,0.0,0.0,0.072,0.035,0.068,0.183,0.113,0.127,0.031,0.0,0.0,0.0,0.0,0.0,0.0,0.0,0.0,0.0,0.0,0.0,0.0,0.0,0.0,0.0,0.0,0.0,0.0,0.0,0.0,0.0,0.0,0.0
63053073718,4064485,Consumption,26/5/2017,No,0.1,0.099,0.098,0.096,0.101,0.093,0.088,0.089,0.094,0.096,0.094,0.095,0.093,0.096,0.444,0.162,0.044,0.031,0.01,0.0,0.0,0.0,0.0,0.0,0.003,0.003,0.195,0.168,0.383,1.172,1.303,0.942,1.162,0.864,0.511,0.43,0.436,0.427,0.205,0.296,0.433,0.238,0.165,0.572,0.152,0.371,0.137,0.132
63053073718,4064485,Generation,26/5/2017,No,0.0,0.0,0.0,0.0,0.0,0.0,0.0,0.0,0.0,0.0,0.0,0.0,0.0,0.0,0.0,0.0,0.004,0.029,0.139,0.614,0.163,0.299,0.542,0.705,0.172,0.11,0.058,0.008,0.011,0.0,0.0,0.0,0.0,0.0,0.0,0.0,0.0,0.0,0.0,0.0,0.0,0.0,0.0,0.0,0.0,0.0,0.0,0.0
63053073718,4064485,Consumption,27/5/2017,No,0.117,0.126,0.127,0.126,0.126,0.125,0.114,0.163,0.181,0.128,0.126,0.125,0.124,0.129,0.481,0.36,0.251,0.072,0.066,0.0,0.0,0.0,0.0,0.0,0.0,0.0,0.0,0.0,0.0,0.451,1.056,0.916,1.191,1.223,1.068,0.673,0.344,0.166,0.236,0.381,0.415,0.395,0.419,0.177,0.131,0.116,0.091,0.091
63053073718,4064485,Generation,27/5/2017,No,0.0,0.0,0.0,0.0,0.0,0.0,0.0,0.0,0.0,0.0,0.0,0.0,0.0,0.0,0.0,0.0,0.0,0.062,0.113,0.654,0.563,0.764,1.028,0.722,0.366,0.285,0.233,0.255,0.185,0.043,0.0,0.0,0.0,0.0,0.0,0.0,0.0,0.0,0.0,0.0,0.0,0.0,0.0,0.0,0.0,0.0,0.0,0.0
63053073718,4064485,Consumption,28/5/2017,No,0.088,0.083,0.091,0.092,0.09,0.092,0.087,0.086,0.081,0.071,0.085,0.089,0.091,0.089,0.089,0.458,0.541,0.453,0.297,0.029,0.117,0.113,0.147,0.181,0.089,0.115,0.006,0.004,0.18,0.225,0.268,0.39,0.085,0.151,0.145,0.146,0.154,0.151,0.338,0.378,0.407,0.501,0.45,0.414,0.592,0.108,0.444,0.271
63053073718,4064485,Generation,28/5/2017,No,0.0,0.0,0.0,0.0,0.0,0.0,0.0,0.0,0.0,0.0,0.0,0.0,0.0,0.0,0.0,0.0,0.0,0.0,0.018,0.529,0.699,0.014,0.031,0.054,0.299,0.032,0.056,0.078,0.039,0.0,0.0,0.0,0.001,0.0,0.0,0.0,0.0,0.0,0.0,0.0,0.0,0.0,0.0,0.0,0.0,0.0,0.0,0.0
63053073718,4064485,Consumption,29/5/2017,No,0.288,0.337,0.359,0.373,0.438,0.599,0.663,0.66,0.566,0.448,0.071,0.09,0.069,0.091,0.143,0.472,0.168,0.073,0.149,0.055,0.0,0.0,0.0,0.0,0.004,0.001,0.183,0.063,0.13,0.294,0.966,0.244,0.937,1.442,1.117,0.14,0.19,0.559,0.251,0.427,0.616,0.25,0.604,0.525,0.615,0.136,0.122,0.125
63053073718,4064485,Generation,29/5/2017,No,0.0,0.0,0.0,0.0,0.0,0.0,0.0,0.0,0.0,0.0,0.0,0.0,0.0,0.0,0.0,0.0,0.025,0.111,0.0,0.062,0.724,0.87,0.401,0.326,0.146,0.153,0.112,0.03,0.002,0.0,0.0,0.0,0.0,0.0,0.0,0.0,0.0,0.0,0.0,0.0,0.0,0.0,0.0,0.0,0.0,0.0,0.0,0.0
63053073718,4064485,Consumption,30/5/2017,No,0.12,0.107,0.12,0.12,0.121,0.121,0.121,0.106,0.118,0.12,0.118,0.114,0.109,0.105,0.115,0.114,0.113,0.16,0.065,0.0,0.01,0.026,0.0,0.0,0.001,0.0,0.0,0.001,0.01,0.003,0.032,0.031,0.093,0.089,0.105,0.112,0.116,0.121,0.103,0.116,0.097,0.11,1.228,1.522,1.655,1.506,1.764,1.541
63053073718,4064485,Generation,30/5/2017,No,0.0,0.0,0.0,0.0,0.0,0.0,0.0,0.0,0.0,0.0,0.0,0.0,0.0,0.0,0.0,0.0,0.0,0.0,0.0,0.122,0.096,0.015,0.336,0.346,0.135,0.189,0.259,0.156,0.045,0.068,0.032,0.006,0.0,0.0,0.0,0.0,0.0,0.0,0.0,0.0,0.0,0.0,0.0,0.0,0.0,0.0,0.0,0.0
63053073718,4064485,Consumption,31/5/2017,No,0.741,0.569,0.413,0.181,0.432,0.288,0.218,0.386,0.207,0.291,0.349,0.159,0.297,0.383,0.403,0.349,0.348,0.038,0.012,0.0,0.0,0.003,0.0,0.016,0.0,0.0,0.003,0.0,0.01,0.003,0.004,0.002,0.037,0.056,0.072,0.068,0.069,0.063,0.076,0.077,0.17,0.116,0.082,0.061,0.076,1.137,1.496,1.57
63053073718,4064485,Generation,31/5/2017,No,0.0,0.0,0.0,0.0,0.0,0.0,0.0,0.0,0.0,0.0,0.0,0.0,0.0,0.0,0.0,0.0,0.0,0.021,0.19,0.133,0.491,0.343,0.102,0.041,0.312,0.288,0.036,0.071,0.054,0.072,0.069,0.057,0.021,0.0,0.0,0.0,0.0,0.0,0.0,0.0,0.0,0.0,0.0,0.0,0.0,0.0,0.0,0.0
63053073718,4064485,Consumption,1/6/2017,No,1.49,1.82,1.794,1.279,0.984,0.915,0.924,0.962,0.941,0.999,0.981,0.983,0.955,0.158,0.213,0.441,0.31,0.273,0.221,0.183,0.016,0.0,0.0,0.0,0.0,0.0,0.0,0.0,0.0,0.0,0.009,0.0,0.013,0.041,0.071,0.069,0.068,0.063,0.066,0.076,0.077,0.074,0.062,0.067,0.114,1.683,1.466,1.183
63053073718,4064485,Generation,1/6/2017,No,0.0,0.0,0.0,0.0,0.0,0.0,0.0,0.0,0.0,0.0,0.0,0.0,0.0,0.0,0.0,0.0,0.0,0.0,0.0,0.0,0.196,0.298,0.216,0.342,0.357,0.246,0.241,0.203,0.13,0.152,0.041,0.127,0.036,0.003,0.0,0.0,0.0,0.0,0.0,0.0,0.0,0.0,0.0,0.0,0.0,0.0,0.0,0.0
63053073718,4064485,Consumption,2/6/2017,No,1.227,1.105,0.61,0.321,0.342,0.366,0.381,0.394,0.43,0.435,0.466,0.448,0.506,0.529,0.565,0.396,0.279,0.192,0.238,0.179,0.629,0.919,0.627,0.606,0.134,0.003,0.0,0.018,0.013,0.009,0.0,0.033,0.058,0.073,0.073,0.07,0.061,0.068,0.076,0.076,0.073,0.07,0.066,0.233,1.917,0.969,1.471,1.484
63053073718,4064485,Generation,2/6/2017,No,0.0,0.0,0.0,0.0,0.0,0.0,0.0,0.0,0.0,0.0,0.0,0.0,0.0,0.0,0.0,0.0,0.0,0.001,0.067,0.083,0.133,0.04,0.096,0.242,0.335,0.345,0.222,0.066,0.016,0.029,0.101,0.007,0.001,0.0,0.0,0.0,0.0,0.0,0.0,0.0,0.0,0.0,0.0,0.0,0.0,0.0,0.0,0.0
63053073718,4064485,Consumption,3/6/2017,No,1.248,1.254,1.328,1.406,1.239,0.66,0.45,0.493,0.537,0.56,0.581,0.543,0.235,0.36,0.442,0.375,0.842,0.518,0.192,0.098,0.243,0.957,0.417,1.131,1.045,0.503,0.356,1.423,1.023,0.179,0.221,0.126,0.118,0.351,0.209,0.322,1.086,0.388,0.355,0.754,0.635,0.672,1.708,0.354,0.226,0.387,0.157,0.167
63053073718,4064485,Generation,3/6/2017,No,0.0,0.0,0.0,0.0,0.0,0.0,0.0,0.0,0.0,0.0,0.0,0.0,0.0,0.0,0.0,0.0,0.0,0.0,0.0,0.0,0.112,0.0,0.038,0.0,0.0,0.095,0.197,0.0,0.0,0.014,0.009,0.007,0.0,0.0,0.0,0.0,0.0,0.0,0.0,0.0,0.0,0.0,0.0,0.0,0.0,0.0,0.0,0.0
63053073718,4064485,Consumption,4/6/2017,No,0.369,0.374,0.186,0.35,0.309,0.084,0.238,0.127,0.074,0.209,0.351,0.232,0.262,0.356,0.33,0.354,0.236,0.156,0.176,0.0,0.029,0.006,0.0,0.0,0.051,0.121,0.011,0.239,0.224,0.279,0.399,0.087,0.286,0.338,0.114,1.926,1.872,1.24,0.823,0.344,0.732,0.547,0.585,0.802,0.816,0.758,0.355,0.571
63053073718,4064485,Generation,4/6/2017,No,0.0,0.0,0.0,0.0,0.0,0.0,0.0,0.0,0.0,0.0,0.0,0.0,0.0,0.0,0.0,0.0,0.0,0.008,0.103,0.357,0.591,0.828,0.743,0.916,0.158,0.055,0.042,0.003,0.023,0.007,0.0,0.0,0.0,0.0,0.0,0.0,0.0,0.0,0.0,0.0,0.0,0.0,0.0,0.0,0.0,0.0,0.0,0.0
63053073718,4064485,Consumption,5/6/2017,No,0.661,0.798,1.009,0.643,0.651,0.667,0.966,1.071,1.118,1.177,1.389,1.28,0.998,0.55,0.52,0.485,0.265,0.176,0.292,0.188,0.129,0.06,0.038,0.0,0.026,0.022,0.0,0.532,0.249,0.105,0.018,0.088,0.314,0.555,0.627,1.458,1.306,1.03,0.781,0.288,0.48,0.411,0.386,0.313,0.292,0.436,0.665,0.23
63053073718,4064485,Generation,5/6/2017,No,0.0,0.0,0.0,0.0,0.0,0.0,0.0,0.0,0.0,0.0,0.0,0.0,0.0,0.0,0.0,0.0,0.0,0.0,0.0,0.0,0.0,0.004,0.143,0.38,0.12,0.036,0.302,0.027,0.066,0.023,0.051,0.032,0.006,0.0,0.0,0.0,0.0,0.0,0.0,0.0,0.0,0.0,0.0,0.0,0.0,0.0,0.0,0.0
63053073718,4064485,Consumption,6/6/2017,No,0.301,0.334,0.486,0.539,0.476,0.493,0.593,0.652,0.676,0.775,0.904,1.294,1.234,1.269,1.254,0.696,0.239,0.254,0.196,0.47,0.147,0.169,0.041,0.063,0.524,0.69,0.091,0.122,0.25,0.432,0.381,0.437,0.406,0.518,0.732,0.948,0.375,0.44,0.633,0.734,0.675,0.623,0.616,0.387,0.344,0.291,0.375,0.284
63053073718,4064485,Generation,6/6/2017,No,0.0,0.0,0.0,0.0,0.0,0.0,0.0,0.0,0.0,0.0,0.0,0.0,0.0,0.0,0.0,0.0,0.002,0.13,0.127,0.15,0.001,0.088,0.201,0.304,0.004,0.056,0.17,0.117,0.054,0.026,0.002,0.0,0.0,0.0,0.0,0.0,0.0,0.0,0.0,0.0,0.0,0.0,0.0,0.0,0.0,0.0,0.0,0.0
63053073718,4064485,Consumption,7/6/2017,No,0.265,0.27,0.413,0.553,0.708,0.842,0.92,0.873,0.957,0.945,1.049,1.1,1.175,1.297,0.898,0.315,0.576,0.088,0.0,0.0,0.0,0.0,0.0,0.005,0.498,0.689,0.805,0.878,0.6,0.347,0.845,0.748,0.686,0.686,0.496,0.58,0.404,0.512,0.428,0.758,0.451,1.236,1.615,0.783,0.281,0.567,0.689,0.548
63053073718,4064485,Generation,7/6/2017,No,0.0,0.0,0.0,0.0,0.0,0.0,0.0,0.0,0.0,0.0,0.0,0.0,0.0,0.0,0.0,0.0,0.0,0.075,0.422,0.634,0.884,0.902,0.921,0.631,0.065,0.0,0.0,0.0,0.0,0.0,0.0,0.0,0.0,0.0,0.0,0.0,0.0,0.0,0.0,0.0,0.0,0.0,0.0,0.0,0.0,0.0,0.0,0.0
63053073718,4064485,Consumption,8/6/2017,No,0.112,0.162,0.612,0.743,0.917,1.167,1.196,1.314,1.383,1.4,1.575,1.584,1.727,1.633,1.648,1.629,0.786,0.565,0.252,0.024,0.005,0.051,0.203,0.039,0.227,0.067,0.015,0.127,0.131,0.118,0.141,0.215,0.068,0.432,0.308,0.403,0.424,0.23,0.397,0.318,0.232,0.314,0.103,0.094,0.102,0.265,0.871,1.073
63053073718,4064485,Generation,8/6/2017,No,0.0,0.0,0.0,0.0,0.0,0.0,0.0,0.0,0.0,0.0,0.0,0.0,0.0,0.0,0.0,0.0,0.0,0.0,0.0,0.026,0.196,0.059,0.29,0.478,0.184,0.003,0.023,0.11,0.017,0.079,0.033,0.0,0.0,0.0,0.0,0.0,0.0,0.0,0.0,0.0,0.0,0.0,0.0,0.0,0.0,0.0,0.0,0.0
63053073718,4064485,Consumption,9/6/2017,No,0.71,0.761,0.88,0.484,0.483,0.562,0.586,0.825,0.793,0.804,0.79,0.406,0.59,0.625,0.641,0.566,0.578,0.457,0.2,0.043,0.009,0.67,0.372,0.112,0.719,0.899,0.903,1.222,0.779,1.891,0.315,1.151,0.267,0.182,0.502,1.348,0.76,1.282,0.616,0.564,0.629,0.739,0.731,0.256,0.301,0.407,0.494,0.491
63053073718,4064485,Generation,9/6/2017,No,0.0,0.0,0.0,0.0,0.0,0.0,0.0,0.0,0.0,0.0,0.0,0.0,0.0,0.0,0.0,0.0,0.0,0.0,0.08,0.326,0.1,0.042,0.073,0.061,0.006,0.001,0.001,0.0,0.0,0.0,0.0,0.0,0.0,0.0,0.0,0.0,0.0,0.0,0.0,0.0,0.0,0.0,0.0,0.0,0.0,0.0,0.0,0.0
63053073718,4064485,Consumption,10/6/2017,No,0.616,0.901,0.546,0.769,0.805,0.788,0.812,0.938,0.811,0.79,0.81,0.778,0.802,0.755,0.838,0.945,1.055,0.286,0.008,0.0,0.0,0.024,0.0,0.0,0.208,0.565,0.187,1.221,0.425,0.4,1.464,0.403,0.093,0.25,0.369,0.358,0.201,0.089,0.971,0.564,0.398,0.543,1.825,1.045,0.325,0.514,0.599,0.619
63053073718,4064485,Generation,10/6/2017,No,0.0,0.0,0.0,0.0,0.0,0.0,0.0,0.0,0.0,0.0,0.0,0.0,0.0,0.0,0.0,0.0,0.0,0.0,0.131,0.514,0.475,0.605,0.802,0.797,0.128,0.001,0.016,0.0,0.0,0.0,0.0,0.0,0.0,0.0,0.0,0.0,0.0,0.0,0.0,0.0,0.0,0.0,0.0,0.0,0.0,0.0,0.0,0.0
63053073718,4064485,Consumption,11/6/2017,No,0.745,0.752,0.79,0.865,0.809,0.791,0.794,0.783,0.761,0.813,0.88,0.812,0.826,0.803,0.777,0.8,1.3,0.947,1.485,1.066,0.569,0.376,0.127,0.283,0.391,0.028,0.216,0.014,0.178,0.745,0.074,1.427,1.388,0.227,0.205,0.245,0.373,0.674,0.68,0.376,0.427,0.545,0.51,0.185,0.305,0.355,0.344,0.44
63053073718,4064485,Generation,11/6/2017,No,0.0,0.0,0.0,0.0,0.0,0.0,0.0,0.0,0.0,0.0,0.0,0.0,0.0,0.0,0.0,0.0,0.0,0.0,0.0,0.0,0.0,0.0,0.0,0.0,0.0,0.049,0.013,0.022,0.0,0.0,0.002,0.0,0.0,0.0,0.0,0.0,0.0,0.0,0.0,0.0,0.0,0.0,0.0,0.0,0.0,0.0,0.0,0.0
63053073718,4064485,Consumption,12/6/2017,No,0.534,0.745,0.63,0.776,0.476,0.716,0.694,0.743,0.871,0.816,0.787,0.827,0.775,0.73,0.747,0.895,0.607,0.385,0.219,0.048,0.086,0.041,0.637,0.462,0.178,0.085,1.119,0.283,1.314,1.586,1.334,1.43,1.281,0.606,0.598,1.051,1.188,0.584,0.266,0.522,0.371,0.252,0.547,0.188,0.179,0.151,0.147,0.225
63053073718,4064485,Generation,12/6/2017,No,0.0,0.0,0.0,0.0,0.0,0.0,0.0,0.0,0.0,0.0,0.0,0.0,0.0,0.0,0.0,0.0,0.0,0.0,0.0,0.009,0.014,0.023,0.0,0.0,0.003,0.205,0.0,0.053,0.0,0.0,0.0,0.0,0.0,0.0,0.0,0.0,0.0,0.0,0.0,0.0,0.0,0.0,0.0,0.0,0.0,0.0,0.0,0.0
63053073718,4064485,Consumption,13/6/2017,No,0.336,0.399,0.485,0.502,0.567,0.694,0.56,0.578,0.694,0.63,0.735,0.367,0.41,0.359,0.363,0.399,0.21,0.038,0.138,0.21,0.134,0.22,0.498,0.216,0.413,0.389,0.046,0.002,0.036,0.246,0.032,0.097,0.204,0.084,0.242,0.321,0.15,0.346,0.387,0.231,0.521,0.4,0.82,0.131,0.653,0.334,0.421,0.515
63053073718,4064485,Generation,13/6/2017,No,0.0,0.0,0.0,0.0,0.0,0.0,0.0,0.0,0.0,0.0,0.0,0.0,0.0,0.0,0.0,0.0,0.0,0.012,0.026,0.013,0.024,0.094,0.0,0.0,0.059,0.059,0.076,0.172,0.147,0.006,0.077,0.016,0.0,0.0,0.0,0.0,0.0,0.0,0.0,0.0,0.0,0.0,0.0,0.0,0.0,0.0,0.0,0.0
63053073718,4064485,Consumption,14/6/2017,No,0.543,0.588,0.623,0.676,0.742,0.838,0.854,0.84,0.84,0.881,0.869,0.87,1.115,0.8,0.845,0.885,0.902,0.421,0.283,0.803,0.581,0.411,1.106,0.401,0.686,1.168,1.44,1.415,1.998,1.743,0.402,0.583,0.898,1.031,1.204,1.165,1.353,1.559,1.339,1.203,1.315,1.078,0.626,0.445,0.28,0.269,0.139,0.212
63053073718,4064485,Generation,14/6/2017,No,0.0,0.0,0.0,0.0,0.0,0.0,0.0,0.0,0.0,0.0,0.0,0.0,0.0,0.0,0.0,0.0,0.0,0.026,0.018,0.003,0.0,0.0,0.0,0.0,0.004,0.0,0.0,0.0,0.0,0.0,0.0,0.0,0.0,0.0,0.0,0.0,0.0,0.0,0.0,0.0,0.0,0.0,0.0,0.0,0.0,0.0,0.0,0.0
63053073718,4064485,Consumption,15/6/2017,No,0.303,0.392,0.472,0.534,0.599,0.655,0.657,0.673,0.764,0.816,0.859,0.852,0.84,0.868,0.657,0.553,0.336,0.263,0.837,0.857,0.783,0.632,0.536,0.134,0.0,0.0,0.0,0.0,0.0,0.0,0.112,0.624,0.982,1.222,1.335,1.204,1.13,0.721,0.262,0.264,0.465,0.375,0.972,0.119,0.101,0.105,0.158,0.246
63053073718,4064485,Generation,15/6/2017,No,0.0,0.0,0.0,0.0,0.0,0.0,0.0,0.0,0.0,0.0,0.0,0.0,0.0,0.0,0.0,0.0,0.0,0.0,0.003,0.0,0.027,0.0,0.0,0.219,0.262,0.279,0.236,0.233,0.08,0.084,0.031,0.0,0.0,0.0,0.0,0.0,0.0,0.0,0.0,0.0,0.0,0.0,0.0,0.0,0.0,0.0,0.0,0.0
63053073718,4064485,Consumption,16/6/2017,No,0.326,0.385,0.583,0.698,0.764,0.758,0.721,0.74,0.74,0.789,0.793,0.755,0.825,0.828,0.831,0.453,0.269,0.253,0.477,0.964,0.366,1.136,0.796,0.761,0.952,1.216,0.269,0.024,0.326,0.286,0.095,0.257,0.864,0.652,0.434,0.2,0.561,0.403,0.467,0.529,0.562,0.468,0.793,0.449,0.331,0.106,0.126,0.167
63053073718,4064485,Generation,16/6/2017,No,0.0,0.0,0.0,0.0,0.0,0.0,0.0,0.0,0.0,0.0,0.0,0.0,0.0,0.0,0.0,0.0,0.0,0.0,0.004,0.0,0.164,0.0,0.067,0.159,0.004,0.0,0.0,0.008,0.0,0.0,0.0,0.0,0.0,0.0,0.0,0.0,0.0,0.0,0.0,0.0,0.0,0.0,0.0,0.0,0.0,0.0,0.0,0.0
63053073718,4064485,Consumption,17/6/2017,No,0.227,0.339,0.459,0.514,0.581,0.702,0.668,0.522,0.659,0.685,0.771,0.779,0.799,0.762,0.769,0.324,0.258,0.162,0.023,0.031,0.0,0.2,0.0,0.0,0.121,0.273,0.31,0.229,0.177,0.353,0.034,0.045,0.135,0.379,0.153,0.315,0.321,0.202,0.376,0.521,0.381,0.844,0.256,0.093,0.126,0.272,0.226,0.328
63053073718,4064485,Generation,17/6/2017,No,0.0,0.0,0.0,0.0,0.0,0.0,0.0,0.0,0.0,0.0,0.0,0.0,0.0,0.0,0.0,0.0,0.0,0.002,0.299,0.531,0.706,0.239,0.682,0.914,0.185,0.0,0.0,0.0,0.0,0.0,0.042,0.006,0.0,0.0,0.0,0.0,0.0,0.0,0.0,0.0,0.0,0.0,0.0,0.0,0.0,0.0,0.0,0.0
63053073718,4064485,Consumption,18/6/2017,No,0.417,0.459,0.515,0.606,0.766,0.715,0.692,0.673,0.596,0.221,0.32,0.444,0.348,0.308,0.518,0.49,0.522,0.137,0.103,0.113,0.0,0.0,0.002,0.0,0.016,0.021,0.039,0.083,0.199,0.119,1.215,0.638,0.246,0.145,0.102,0.14,1.016,1.171,0.312,0.302,0.549,0.311,0.267,0.302,0.365,0.145,0.316,0.36
63053073718,4064485,Generation,18/6/2017,No,0.0,0.0,0.0,0.0,0.0,0.0,0.0,0.0,0.0,0.0,0.0,0.0,0.0,0.0,0.0,0.0,0.0,0.017,0.047,0.083,0.414,0.169,0.324,0.705,0.194,0.105,0.008,0.001,0.006,0.002,0.0,0.0,0.0,0.0,0.0,0.0,0.0,0.0,0.0,0.0,0.0,0.0,0.0,0.0,0.0,0.0,0.0,0.0
63053073718,4064485,Consumption,19/6/2017,No,0.205,0.309,0.457,0.501,0.577,0.635,0.733,0.8,0.894,0.923,0.943,0.982,1.081,1.327,1.443,1.043,0.922,0.818,0.676,0.452,0.337,0.096,0.143,0.252,0.126,0.039,0.165,0.056,0.035,0.205,0.469,0.174,0.861,1.623,1.464,1.532,0.794,0.595,0.897,0.689,0.379,0.256,0.759,0.563,0.093,0.131,0.178,0.175
63053073718,4064485,Generation,19/6/2017,No,0.0,0.0,0.0,0.0,0.0,0.0,0.0,0.0,0.0,0.0,0.0,0.0,0.0,0.0,0.0,0.0,0.0,0.0,0.0,0.0,0.0,0.003,0.138,0.206,0.087,0.279,0.188,0.062,0.142,0.052,0.005,0.021,0.0,0.0,0.0,0.0,0.0,0.0,0.0,0.0,0.0,0.0,0.0,0.0,0.0,0.0,0.0,0.0
63053073718,4064485,Consumption,20/6/2017,No,0.254,0.337,0.451,0.521,0.623,0.776,0.882,0.783,0.883,0.968,0.984,1.735,1.11,0.619,0.356,0.299,0.084,0.263,0.018,0.0,0.0,0.0,0.0,0.455,0.339,0.402,0.408,0.357,1.362,1.648,1.402,1.552,1.44,1.469,1.577,1.452,1.5,1.325,0.524,0.575,0.487,0.78,0.307,0.652,0.297,0.393,0.534,0.631
63053073718,4064485,Generation,20/6/2017,No,0.0,0.0,0.0,0.0,0.0,0.0,0.0,0.0,0.0,0.0,0.0,0.0,0.0,0.0,0.0,0.0,0.012,0.113,0.307,0.409,0.367,0.437,0.405,0.34,0.114,0.007,0.005,0.015,0.002,0.0,0.0,0.0,0.0,0.0,0.0,0.0,0.0,0.0,0.0,0.0,0.0,0.0,0.0,0.0,0.0,0.0,0.0,0.0
63053073718,4064485,Consumption,21/6/2017,No,0.709,0.773,0.882,0.897,0.865,0.813,0.819,0.816,0.911,0.647,0.757,0.778,0.399,0.348,0.346,0.486,0.407,0.061,0.027,0.116,0.193,0.194,0.241,0.323,0.675,0.549,0.68,0.691,0.563,0.436,0.343,0.382,0.415,0.486,0.733,0.633,0.598,0.424,0.552,0.467,0.686,0.493,0.468,0.34,0.07,0.085,0.086,0.212
63053073718,4064485,Generation,21/6/2017,No,0.0,0.0,0.0,0.0,0.0,0.0,0.0,0.0,0.0,0.0,0.0,0.0,0.0,0.0,0.0,0.0,0.0,0.004,0.001,0.023,0.011,0.05,0.042,0.041,0.0,0.0,0.0,0.007,0.0,0.019,0.018,0.01,0.0,0.0,0.0,0.0,0.0,0.0,0.0,0.0,0.0,0.0,0.0,0.0,0.0,0.0,0.0,0.0
63053073718,4064485,Consumption,22/6/2017,No,0.198,0.167,0.365,0.245,0.335,0.373,0.285,0.472,0.321,0.421,0.373,0.377,0.44,0.446,0.409,0.512,0.261,0.15,0.696,1.107,1.216,0.858,0.38,0.529,0.761,0.602,0.0,0.17,0.857,0.486,0.793,1.078,0.433,2.038,1.22,1.367,0.316,1.317,1.3,1.414,1.444,0.844,0.604,0.572,0.396,0.177,0.104,0.104
63053073718,4064485,Generation,22/6/2017,No,0.0,0.0,0.0,0.0,0.0,0.0,0.0,0.0,0.0,0.0,0.0,0.0,0.0,0.0,0.0,0.0,0.0,0.017,0.0,0.0,0.0,0.0,0.018,0.0,0.0,0.009,0.172,0.09,0.005,0.0,0.0,0.0,0.0,0.0,0.0,0.0,0.0,0.0,0.0,0.0,0.0,0.0,0.0,0.0,0.0,0.0,0.0,0.0
63053073718,4064485,Consumption,23/6/2017,No,0.167,0.255,0.287,0.342,0.402,0.404,0.437,0.497,0.561,0.608,0.637,0.691,0.718,0.771,0.79,0.843,0.819,0.172,0.0,0.0,0.0,0.0,0.077,0.007,0.0,0.148,0.088,0.364,0.146,0.302,1.651,0.541,1.26,0.516,1.215,0.528,0.712,0.689,0.317,0.579,0.403,0.736,0.796,0.437,0.099,0.112,0.177,0.121
63053073718,4064485,Generation,23/6/2017,No,0.0,0.0,0.0,0.0,0.0,0.0,0.0,0.0,0.0,0.0,0.0,0.0,0.0,0.0,0.0,0.0,0.0,0.001,0.325,0.542,0.709,0.735,0.573,0.954,0.416,0.058,0.108,0.097,0.051,0.009,0.0,0.0,0.0,0.0,0.0,0.0,0.0,0.0,0.0,0.0,0.0,0.0,0.0,0.0,0.0,0.0,0.0,0.0
63053073718,4064485,Consumption,24/6/2017,No,0.131,0.173,0.204,0.205,0.222,0.253,0.397,0.46,0.533,0.609,0.312,0.239,0.423,0.156,0.066,0.339,0.546,0.184,0.163,0.24,0.248,0.224,0.05,0.0,0.006,0.015,0.021,0.019,0.015,0.268,0.286,0.306,0.303,0.357,0.436,0.466,1.087,0.4,0.36,0.319,0.124,0.1,0.103,1.269,1.145,0.503,0.23,0.311
63053073718,4064485,Generation,24/6/2017,No,0.0,0.0,0.0,0.0,0.0,0.0,0.0,0.0,0.0,0.0,0.0,0.0,0.0,0.0,0.0,0.0,0.028,0.19,0.001,0.175,0.14,0.234,0.571,0.904,0.395,0.207,0.129,0.17,0.124,0.081,0.0,0.0,0.0,0.0,0.0,0.0,0.0,0.0,0.0,0.0,0.0,0.0,0.0,0.0,0.0,0.0,0.0,0.0
63053073718,4064485,Consumption,25/6/2017,No,0.317,0.386,0.223,0.26,0.382,0.245,0.24,0.379,0.256,0.108,0.351,0.265,0.147,0.317,0.23,0.309,0.311,0.441,0.104,0.639,1.249,0.774,0.79,0.448,0.26,1.233,1.722,2.828,2.302,1.6,1.567,1.998,2.057,2.658,0.565,0.471,1.451,2.654,2.115,0.852,0.824,0.387,0.398,0.118,0.15,0.216,0.207,0.238
63053073718,4064485,Generation,25/6/2017,No,0.0,0.0,0.0,0.0,0.0,0.0,0.0,0.0,0.0,0.0,0.0,0.0,0.0,0.0,0.0,0.0,0.007,0.0,0.02,0.023,0.0,0.012,0.009,0.07,0.112,0.002,0.0,0.0,0.0,0.0,0.0,0.0,0.0,0.0,0.0,0.0,0.0,0.0,0.0,0.0,0.0,0.0,0.0,0.0,0.0,0.0,0.0,0.0
63053073718,4064485,Consumption,26/6/2017,No,0.308,0.411,0.534,0.672,0.639,0.789,0.633,0.675,0.787,0.44,0.454,0.474,0.249,0.293,0.234,0.23,0.395,0.045,0.077,0.084,0.003,0.07,0.181,0.492,0.262,0.274,0.041,0.03,0.088,0.131,0.151,0.185,0.295,0.628,0.472,0.407,0.508,0.501,0.65,0.486,0.843,0.785,0.254,0.098,0.115,0.155,0.198,0.282
63053073718,4064485,Generation,26/6/2017,No,0.0,0.0,0.0,0.0,0.0,0.0,0.0,0.0,0.0,0.0,0.0,0.0,0.0,0.0,0.0,0.0,0.008,0.106,0.106,0.247,0.292,0.158,0.086,0.007,0.072,0.051,0.096,0.043,0.051,0.091,0.06,0.024,0.002,0.0,0.0,0.0,0.0,0.0,0.0,0.0,0.0,0.0,0.0,0.0,0.0,0.0,0.0,0.0
63053073718,4064485,Consumption,27/6/2017,No,0.309,0.396,0.493,0.602,0.651,0.755,0.734,0.394,0.552,0.347,0.526,0.336,0.453,0.328,0.354,0.429,0.396,0.226,0.088,0.135,0.198,1.06,2.244,2.252,1.708,0.837,0.329,0.098,0.083,0.905,1.256,1.435,1.728,1.886,1.517,1.526,1.482,0.701,0.547,0.336,0.814,0.891,0.282,0.485,0.295,0.104,0.092,0.108
63053073718,4064485,Generation,27/6/2017,No,0.0,0.0,0.0,0.0,0.0,0.0,0.0,0.0,0.0,0.0,0.0,0.0,0.0,0.0,0.0,0.0,0.0,0.0,0.035,0.048,0.109,0.045,0.0,0.0,0.0,0.0,0.0,0.035,0.031,0.011,0.0,0.0,0.0,0.0,0.0,0.0,0.0,0.0,0.0,0.0,0.0,0.0,0.0,0.0,0.0,0.0,0.0,0.0
63053073718,4064485,Consumption,28/6/2017,No,0.148,0.224,0.296,0.388,0.446,0.482,0.63,0.39,0.229,0.268,0.387,0.173,0.44,0.268,0.611,0.594,0.398,0.448,0.282,0.719,0.065,0.016,0.0,0.005,1.222,1.9,1.041,0.01,0.122,0.142,0.162,0.025,0.207,0.069,0.1,0.267,0.2,0.207,0.365,0.197,0.268,0.162,0.202,0.284,0.481,0.594,0.607,0.615
63053073718,4064485,Generation,28/6/2017,No,0.0,0.0,0.0,0.0,0.0,0.0,0.0,0.0,0.0,0.0,0.0,0.0,0.0,0.0,0.0,0.0,0.0,0.0,0.0,0.0,0.001,0.138,0.178,0.102,0.027,0.0,0.012,0.14,0.0,0.0,0.0,0.02,0.003,0.0,0.0,0.0,0.0,0.0,0.0,0.0,0.0,0.0,0.0,0.0,0.0,0.0,0.0,0.0
63053073718,4064485,Consumption,29/6/2017,No,0.562,0.608,0.311,0.383,0.312,0.135,0.187,0.321,0.12,0.205,0.352,0.129,0.264,0.334,0.151,0.322,0.383,0.25,0.305,0.173,0.173,0.285,0.049,0.0,0.0,0.0,0.148,0.01,0.067,0.106,0.206,0.251,0.167,0.232,0.353,0.253,0.282,0.417,0.146,0.336,0.606,0.326,0.496,0.586,0.103,0.075,0.269,0.317
63053073718,4064485,Generation,29/6/2017,No,0.0,0.0,0.0,0.0,0.0,0.0,0.0,0.0,0.0,0.0,0.0,0.0,0.0,0.0,0.0,0.0,0.012,0.019,0.024,0.0,0.0,0.0,0.044,0.187,0.351,0.217,0.035,0.075,0.001,0.0,0.0,0.0,0.0,0.0,0.0,0.0,0.0,0.0,0.0,0.0,0.0,0.0,0.0,0.0,0.0,0.0,0.0,0.0
63053073718,4064485,Consumption,30/6/2017,No,0.446,0.472,0.496,0.563,0.585,0.627,0.654,0.672,0.554,0.626,0.62,0.469,0.324,0.402,0.572,0.544,0.296,0.124,0.18,0.064,0.079,0.0,0.918,0.589,1.035,0.623,1.507,1.832,0.233,0.22,1.431,1.154,0.312,0.345,0.168,0.166,0.151,0.467,0.416,0.418,0.415,0.337,0.129,0.079,0.092,0.189,0.304,0.362
63053073718,4064485,Generation,30/6/2017,No,0.0,0.0,0.0,0.0,0.0,0.0,0.0,0.0,0.0,0.0,0.0,0.0,0.0,0.0,0.0,0.0,0.0,0.01,0.008,0.188,0.369,0.711,0.142,0.101,0.061,0.053,0.043,0.0,0.0,0.0,0.0,0.0,0.0,0.0,0.0,0.0,0.0,0.0,0.0,0.0,0.0,0.0,0.0,0.0,0.0,0.0,0.0,0.0
63053073718,4064485,Consumption,1/7/2017,No,0.332,0.226,0.225,0.328,0.204,0.321,0.518,0.667,0.606,0.498,0.423,0.363,0.332,0.359,0.338,0.33,0.436,0.036,0.032,0.0,0.0,0.0,0.033,0.0,0.0,0.0,0.005,0.004,0.001,0.025,0.02,0.687,0.524,1.275,1.693,0.867,0.405,0.783,1.16,0.696,1.607,0.599,0.48,0.325,0.112,0.077,0.174,0.326
63053073718,4064485,Generation,1/7/2017,No,0.0,0.0,0.0,0.0,0.0,0.0,0.0,0.0,0.0,0.0,0.0,0.0,0.0,0.0,0.0,0.0,0.0,0.005,0.515,0.731,0.754,0.721,0.808,1.061,0.527,0.149,0.058,0.024,0.023,0.027,0.014,0.0,0.0,0.0,0.0,0.0,0.0,0.0,0.0,0.0,0.0,0.0,0.0,0.0,0.0,0.0,0.0,0.0
63053073718,4064485,Consumption,2/7/2017,No,0.448,0.543,0.644,0.491,0.306,0.328,0.346,0.205,0.332,0.267,0.368,0.592,0.433,0.405,0.524,0.436,0.465,0.187,0.691,0.566,0.317,0.599,0.508,0.334,1.145,0.894,0.723,0.38,0.194,0.126,0.367,0.876,1.538,1.588,1.403,1.291,1.273,0.74,0.505,0.381,1.105,0.558,0.445,1.233,1.3,1.165,0.412,0.505
63053073718,4064485,Generation,2/7/2017,No,0.0,0.0,0.0,0.0,0.0,0.0,0.0,0.0,0.0,0.0,0.0,0.0,0.0,0.0,0.0,0.0,0.0,0.012,0.0,0.0,0.0,0.0,0.0,0.136,0.0,0.0,0.0,0.0,0.002,0.001,0.0,0.0,0.0,0.0,0.0,0.0,0.0,0.0,0.0,0.0,0.0,0.0,0.0,0.0,0.0,0.0,0.0,0.0
63053073718,4064485,Consumption,3/7/2017,No,0.575,0.703,0.801,0.495,0.304,0.455,0.286,0.402,0.294,0.367,0.343,0.357,0.325,0.348,0.326,0.344,0.358,0.083,0.052,0.215,0.367,0.537,1.057,0.782,1.185,1.217,0.844,0.245,0.359,0.401,0.205,0.015,0.312,0.081,0.317,0.16,0.289,0.196,0.274,0.348,0.383,0.098,0.073,0.097,0.089,0.102,0.182,0.232
63053073718,4064485,Generation,3/7/2017,No,0.0,0.0,0.0,0.0,0.0,0.0,0.0,0.0,0.0,0.0,0.0,0.0,0.0,0.0,0.0,0.0,0.0,0.01,0.439,0.425,0.051,0.017,0.0,0.204,0.0,0.0,0.017,0.011,0.0,0.0,0.012,0.058,0.0,0.0,0.0,0.0,0.0,0.0,0.0,0.0,0.0,0.0,0.0,0.0,0.0,0.0,0.0,0.0
