,country,year,pop,continent,lifeExp,gdpPercap
0,Afghanistan,1952,8425333.0,Asia,28.801,779.4453145
1,Afghanistan,1957,9240934.0,Asia,30.331999999999997,820.8530296
2,Afghanistan,1962,10267083.0,Asia,31.997,853.1007099999999
3,Afghanistan,1967,11537966.0,Asia,34.02,836.1971382
4,Afghanistan,1972,13079460.0,Asia,36.088,739.9811057999999
5,Afghanistan,1977,14880372.0,Asia,38.438,786.11336
6,Afghanistan,1982,12881816.0,Asia,39.854,978.0114388000001
7,Afghanistan,1987,13867957.0,Asia,40.821999999999996,852.3959447999999
8,Afghanistan,1992,16317921.0,Asia,41.674,649.3413952000001
9,Afghanistan,1997,22227415.0,Asia,41.763000000000005,635.341351
10,Afghanistan,2002,25268405.0,Asia,42.129,726.7340548
11,Afghanistan,2007,31889923.0,Asia,43.828,974.5803384
12,Albania,1952,1282697.0,Europe,55.23,1601.056136
13,Albania,1957,1476505.0,Europe,59.28,1942.2842440000002
14,Albania,1962,1728137.0,Europe,64.82,2312.888958
15,Albania,1967,1984060.0,Europe,66.22,2760.196931
16,Albania,1972,2263554.0,Europe,67.69,3313.422188
17,Albania,1977,2509048.0,Europe,68.93,3533.0039100000004
18,Albania,1982,2780097.0,Europe,70.42,3630.880722
19,Albania,1987,3075321.0,Europe,72.0,3738.9327350000003
20,Albania,1992,3326498.0,Europe,71.581,2497.4379010000002
21,Albania,1997,3428038.0,Europe,72.95,3193.054604
22,Albania,2002,3508512.0,Europe,75.65100000000001,4604.211737
23,Albania,2007,3600523.0,Europe,76.423,5937.029525999999
24,Algeria,1952,9279525.0,Africa,43.077,2449.008185
25,Algeria,1957,10270856.0,Africa,45.685,3013.976023
26,Algeria,1962,11000948.0,Africa,48.303000000000004,2550.81688
27,Algeria,1967,12760499.0,Africa,51.407,3246.991771
28,Algeria,1972,14760787.0,Africa,54.518,4182.663766
29,Algeria,1977,17152804.0,Africa,58.013999999999996,4910.4167560000005
30,Algeria,1982,20033753.0,Africa,61.368,5745.160213
31,Algeria,1987,23254956.0,Africa,65.79899999999999,5681.358539
32,Algeria,1992,26298373.0,Africa,67.744,5023.216647
33,Algeria,1997,29072015.0,Africa,69.152,4797.295051
34,Algeria,2002,31287142.0,Africa,70.994,5288.040382
35,Algeria,2007,33333216.0,Africa,72.301,6223.367465
36,Angola,1952,4232095.0,Africa,30.015,3520.610273
37,Angola,1957,4561361.0,Africa,31.999000000000002,3827.9404649999997
38,Angola,1962,4826015.0,Africa,34.0,4269.276742
39,Angola,1967,5247469.0,Africa,35.985,5522.776375
40,Angola,1972,5894858.0,Africa,37.928000000000004,5473.288004999999
41,Angola,1977,6162675.0,Africa,39.483000000000004,3008.647355
42,Angola,1982,7016384.0,Africa,39.942,2756.953672
43,Angola,1987,7874230.0,Africa,39.906,2430.208311
44,Angola,1992,8735988.0,Africa,40.647,2627.8456850000002
45,Angola,1997,9875024.0,Africa,40.963,2277.140884
46,Angola,2002,10866106.0,Africa,41.003,2773.287312
47,Angola,2007,12420476.0,Africa,42.731,4797.231267
48,Argentina,1952,17876956.0,Americas,62.485,5911.315053
49,Argentina,1957,19610538.0,Americas,64.399,6856.856212000001
50,Argentina,1962,21283783.0,Americas,65.142,7133.166023000001
51,Argentina,1967,22934225.0,Americas,65.634,8052.953020999999
52,Argentina,1972,24779799.0,Americas,67.065,9443.038526
53,Argentina,1977,26983828.0,Americas,68.48100000000001,10079.026740000001
54,Argentina,1982,29341374.0,Americas,69.942,8997.897412
55,Argentina,1987,31620918.0,Americas,70.774,9139.671389
56,Argentina,1992,33958947.0,Americas,71.868,9308.41871
57,Argentina,1997,36203463.0,Americas,73.275,10967.28195
58,Argentina,2002,38331121.0,Americas,74.34,8797.640716
59,Argentina,2007,40301927.0,Americas,75.32,12779.379640000001
60,Australia,1952,8691212.0,Oceania,69.12,10039.595640000001
61,Australia,1957,9712569.0,Oceania,70.33,10949.64959
62,Australia,1962,10794968.0,Oceania,70.93,12217.226859999999
63,Australia,1967,11872264.0,Oceania,71.1,14526.12465
64,Australia,1972,13177000.0,Oceania,71.93,16788.62948
65,Australia,1977,14074100.0,Oceania,73.49,18334.197509999998
66,Australia,1982,15184200.0,Oceania,74.74,19477.009280000002
67,Australia,1987,16257249.0,Oceania,76.32,21888.889030000002
68,Australia,1992,17481977.0,Oceania,77.56,23424.76683
69,Australia,1997,18565243.0,Oceania,78.83,26997.936569999998
70,Australia,2002,19546792.0,Oceania,80.37,30687.75473
71,Australia,2007,20434176.0,Oceania,81.235,34435.367439999995
72,Austria,1952,6927772.0,Europe,66.8,6137.076492
73,Austria,1957,6965860.0,Europe,67.48,8842.59803
74,Austria,1962,7129864.0,Europe,69.54,10750.721109999999
75,Austria,1967,7376998.0,Europe,70.14,12834.6024
76,Austria,1972,7544201.0,Europe,70.63,16661.6256
77,Austria,1977,7568430.0,Europe,72.17,19749.4223
78,Austria,1982,7574613.0,Europe,73.18,21597.083619999998
79,Austria,1987,7578903.0,Europe,74.94,23687.82607
80,Austria,1992,7914969.0,Europe,76.04,27042.01868
81,Austria,1997,8069876.0,Europe,77.51,29095.920660000003
82,Austria,2002,8148312.0,Europe,78.98,32417.607689999997
83,Austria,2007,8199783.0,Europe,79.829,36126.4927
84,Bahrain,1952,120447.0,Asia,50.93899999999999,9867.084765000001
85,Bahrain,1957,138655.0,Asia,53.832,11635.79945
86,Bahrain,1962,171863.0,Asia,56.923,12753.27514
87,Bahrain,1967,202182.0,Asia,59.923,14804.6727
88,Bahrain,1972,230800.0,Asia,63.3,18268.65839
89,Bahrain,1977,297410.0,Asia,65.593,19340.10196
90,Bahrain,1982,377967.0,Asia,69.05199999999999,19211.14731
91,Bahrain,1987,454612.0,Asia,70.75,18524.02406
92,Bahrain,1992,529491.0,Asia,72.601,19035.579169999997
93,Bahrain,1997,598561.0,Asia,73.925,20292.01679
94,Bahrain,2002,656397.0,Asia,74.795,23403.559269999998
95,Bahrain,2007,708573.0,Asia,75.635,29796.048339999998
96,Bangladesh,1952,46886859.0,Asia,37.484,684.2441716
97,Bangladesh,1957,51365468.0,Asia,39.348,661.6374577
98,Bangladesh,1962,56839289.0,Asia,41.216,686.3415537999999
99,Bangladesh,1967,62821884.0,Asia,43.453,721.1860862000001
100,Bangladesh,1972,70759295.0,Asia,45.251999999999995,630.2336265
101,Bangladesh,1977,80428306.0,Asia,46.923,659.8772322000001
102,Bangladesh,1982,93074406.0,Asia,50.00899999999999,676.9818656
103,Bangladesh,1987,103764241.0,Asia,52.818999999999996,751.9794035
104,Bangladesh,1992,113704579.0,Asia,56.018,837.8101642999999
105,Bangladesh,1997,123315288.0,Asia,59.412,972.7700352
106,Bangladesh,2002,135656790.0,Asia,62.013000000000005,1136.3904300000002
107,Bangladesh,2007,150448339.0,Asia,64.062,1391.253792
108,Belgium,1952,8730405.0,Europe,68.0,8343.105126999999
109,Belgium,1957,8989111.0,Europe,69.24,9714.960623
110,Belgium,1962,9218400.0,Europe,70.25,10991.20676
111,Belgium,1967,9556500.0,Europe,70.94,13149.04119
112,Belgium,1972,9709100.0,Europe,71.44,16672.14356
113,Belgium,1977,9821800.0,Europe,72.8,19117.97448
114,Belgium,1982,9856303.0,Europe,73.93,20979.84589
115,Belgium,1987,9870200.0,Europe,75.35,22525.56308
116,Belgium,1992,10045622.0,Europe,76.46,25575.57069
117,Belgium,1997,10199787.0,Europe,77.53,27561.196630000002
118,Belgium,2002,10311970.0,Europe,78.32,30485.88375
119,Belgium,2007,10392226.0,Europe,79.441,33692.60508
120,Benin,1952,1738315.0,Africa,38.223,1062.7522
121,Benin,1957,1925173.0,Africa,40.358000000000004,959.6010805
122,Benin,1962,2151895.0,Africa,42.618,949.4990641
123,Benin,1967,2427334.0,Africa,44.885,1035.831411
124,Benin,1972,2761407.0,Africa,47.013999999999996,1085.796879
125,Benin,1977,3168267.0,Africa,49.19,1029.161251
126,Benin,1982,3641603.0,Africa,50.903999999999996,1277.897616
127,Benin,1987,4243788.0,Africa,52.336999999999996,1225.85601
128,Benin,1992,4981671.0,Africa,53.919,1191.207681
129,Benin,1997,6066080.0,Africa,54.777,1232.975292
130,Benin,2002,7026113.0,Africa,54.406000000000006,1372.877931
131,Benin,2007,8078314.0,Africa,56.728,1441.284873
132,Bolivia,1952,2883315.0,Americas,40.414,2677.3263469999997
133,Bolivia,1957,3211738.0,Americas,41.89,2127.686326
134,Bolivia,1962,3593918.0,Americas,43.428000000000004,2180.972546
135,Bolivia,1967,4040665.0,Americas,45.032,2586.886053
136,Bolivia,1972,4565872.0,Americas,46.714,2980.331339
137,Bolivia,1977,5079716.0,Americas,50.023,3548.097832
138,Bolivia,1982,5642224.0,Americas,53.858999999999995,3156.510452
139,Bolivia,1987,6156369.0,Americas,57.251000000000005,2753.6914899999997
140,Bolivia,1992,6893451.0,Americas,59.957,2961.699694
141,Bolivia,1997,7693188.0,Americas,62.05,3326.143191
142,Bolivia,2002,8445134.0,Americas,63.883,3413.26269
143,Bolivia,2007,9119152.0,Americas,65.554,3822.1370840000004
144,Bosnia and Herzegovina,1952,2791000.0,Europe,53.82,973.5331947999999
145,Bosnia and Herzegovina,1957,3076000.0,Europe,58.45,1353.989176
146,Bosnia and Herzegovina,1962,3349000.0,Europe,61.93,1709.683679
147,Bosnia and Herzegovina,1967,3585000.0,Europe,64.79,2172.3524230000003
148,Bosnia and Herzegovina,1972,3819000.0,Europe,67.45,2860.16975
149,Bosnia and Herzegovina,1977,4086000.0,Europe,69.86,3528.481305
150,Bosnia and Herzegovina,1982,4172693.0,Europe,70.69,4126.613157
151,Bosnia and Herzegovina,1987,4338977.0,Europe,71.14,4314.114757
152,Bosnia and Herzegovina,1992,4256013.0,Europe,72.178,2546.781445
153,Bosnia and Herzegovina,1997,3607000.0,Europe,73.244,4766.355904
154,Bosnia and Herzegovina,2002,4165416.0,Europe,74.09,6018.975239
155,Bosnia and Herzegovina,2007,4552198.0,Europe,74.852,7446.298803
156,Botswana,1952,442308.0,Africa,47.622,851.2411407
157,Botswana,1957,474639.0,Africa,49.618,918.2325348999999
158,Botswana,1962,512764.0,Africa,51.52,983.6539764
159,Botswana,1967,553541.0,Africa,53.298,1214.709294
160,Botswana,1972,619351.0,Africa,56.023999999999994,2263.6111140000003
161,Botswana,1977,781472.0,Africa,59.318999999999996,3214.857818
162,Botswana,1982,970347.0,Africa,61.483999999999995,4551.14215
163,Botswana,1987,1151184.0,Africa,63.622,6205.88385
164,Botswana,1992,1342614.0,Africa,62.745,7954.111645
165,Botswana,1997,1536536.0,Africa,52.556000000000004,8647.142313
166,Botswana,2002,1630347.0,Africa,46.63399999999999,11003.60508
167,Botswana,2007,1639131.0,Africa,50.728,12569.851770000001
168,Brazil,1952,56602560.0,Americas,50.917,2108.944355
169,Brazil,1957,65551171.0,Americas,53.285,2487.365989
170,Brazil,1962,76039390.0,Americas,55.665,3336.585802
171,Brazil,1967,88049823.0,Americas,57.632,3429.864357
172,Brazil,1972,100840058.0,Americas,59.504,4985.711467
173,Brazil,1977,114313951.0,Americas,61.489,6660.118654
174,Brazil,1982,128962939.0,Americas,63.336000000000006,7030.835878
175,Brazil,1987,142938076.0,Americas,65.205,7807.095818000001
176,Brazil,1992,155975974.0,Americas,67.057,6950.283020999999
177,Brazil,1997,168546719.0,Americas,69.388,7957.980823999999
178,Brazil,2002,179914212.0,Americas,71.006,8131.212843000001
179,Brazil,2007,190010647.0,Americas,72.39,9065.800825
180,Bulgaria,1952,7274900.0,Europe,59.6,2444.2866480000002
181,Bulgaria,1957,7651254.0,Europe,66.61,3008.670727
182,Bulgaria,1962,8012946.0,Europe,69.51,4254.337839
183,Bulgaria,1967,8310226.0,Europe,70.42,5577.0028
184,Bulgaria,1972,8576200.0,Europe,70.9,6597.494398
185,Bulgaria,1977,8797022.0,Europe,70.81,7612.240438
186,Bulgaria,1982,8892098.0,Europe,71.08,8224.191647
187,Bulgaria,1987,8971958.0,Europe,71.34,8239.854824
188,Bulgaria,1992,8658506.0,Europe,71.19,6302.6234380000005
189,Bulgaria,1997,8066057.0,Europe,70.32,5970.38876
190,Bulgaria,2002,7661799.0,Europe,72.14,7696.777725
191,Bulgaria,2007,7322858.0,Europe,73.005,10680.79282
192,Burkina Faso,1952,4469979.0,Africa,31.975,543.2552413
193,Burkina Faso,1957,4713416.0,Africa,34.906,617.1834647999999
194,Burkina Faso,1962,4919632.0,Africa,37.814,722.5120206
195,Burkina Faso,1967,5127935.0,Africa,40.696999999999996,794.8265597
196,Burkina Faso,1972,5433886.0,Africa,43.591,854.7359763000001
197,Burkina Faso,1977,5889574.0,Africa,46.137,743.3870368
198,Burkina Faso,1982,6634596.0,Africa,48.122,807.1985855
199,Burkina Faso,1987,7586551.0,Africa,49.556999999999995,912.0631417000001
200,Burkina Faso,1992,8878303.0,Africa,50.26,931.7527731
201,Burkina Faso,1997,10352843.0,Africa,50.324,946.2949617999999
202,Burkina Faso,2002,12251209.0,Africa,50.65,1037.645221
203,Burkina Faso,2007,14326203.0,Africa,52.295,1217.032994
204,Burundi,1952,2445618.0,Africa,39.031,339.29645869999996
205,Burundi,1957,2667518.0,Africa,40.533,379.56462810000005
206,Burundi,1962,2961915.0,Africa,42.045,355.2032273
207,Burundi,1967,3330989.0,Africa,43.548,412.97751360000007
208,Burundi,1972,3529983.0,Africa,44.056999999999995,464.0995039
209,Burundi,1977,3834415.0,Africa,45.91,556.1032651
210,Burundi,1982,4580410.0,Africa,47.471000000000004,559.6032309999999
211,Burundi,1987,5126023.0,Africa,48.211000000000006,621.8188188999999
212,Burundi,1992,5809236.0,Africa,44.736000000000004,631.6998778
213,Burundi,1997,6121610.0,Africa,45.326,463.1151478
214,Burundi,2002,7021078.0,Africa,47.36,446.4035126
215,Burundi,2007,8390505.0,Africa,49.58,430.07069160000003
216,Cambodia,1952,4693836.0,Asia,39.417,368.46928560000003
217,Cambodia,1957,5322536.0,Asia,41.36600000000001,434.0383364
218,Cambodia,1962,6083619.0,Asia,43.415,496.9136476
219,Cambodia,1967,6960067.0,Asia,45.415,523.4323142
220,Cambodia,1972,7450606.0,Asia,40.317,421.6240257
221,Cambodia,1977,6978607.0,Asia,31.22,524.9721831999999
222,Cambodia,1982,7272485.0,Asia,50.957,624.4754784
223,Cambodia,1987,8371791.0,Asia,53.913999999999994,683.8955732000001
224,Cambodia,1992,10150094.0,Asia,55.803000000000004,682.3031755
225,Cambodia,1997,11782962.0,Asia,56.534,734.28517
226,Cambodia,2002,12926707.0,Asia,56.751999999999995,896.2260152999999
227,Cambodia,2007,14131858.0,Asia,59.723,1713.7786859999999
228,Cameroon,1952,5009067.0,Africa,38.523,1172.667655
229,Cameroon,1957,5359923.0,Africa,40.428000000000004,1313.048099
230,Cameroon,1962,5793633.0,Africa,42.643,1399.607441
231,Cameroon,1967,6335506.0,Africa,44.799,1508.453148
232,Cameroon,1972,7021028.0,Africa,47.049,1684.1465280000002
233,Cameroon,1977,7959865.0,Africa,49.355,1783.432873
234,Cameroon,1982,9250831.0,Africa,52.961000000000006,2367.983282
235,Cameroon,1987,10780667.0,Africa,54.985,2602.664206
236,Cameroon,1992,12467171.0,Africa,54.31399999999999,1793.1632780000002
237,Cameroon,1997,14195809.0,Africa,52.199,1694.337469
238,Cameroon,2002,15929988.0,Africa,49.856,1934.0114489999999
239,Cameroon,2007,17696293.0,Africa,50.43,2042.0952399999999
240,Canada,1952,14785584.0,Americas,68.75,11367.16112
241,Canada,1957,17010154.0,Americas,69.96,12489.95006
242,Canada,1962,18985849.0,Americas,71.3,13462.48555
243,Canada,1967,20819767.0,Americas,72.13,16076.58803
244,Canada,1972,22284500.0,Americas,72.88,18970.57086
245,Canada,1977,23796400.0,Americas,74.21,22090.88306
246,Canada,1982,25201900.0,Americas,75.76,22898.79214
247,Canada,1987,26549700.0,Americas,76.86,26626.515030000002
248,Canada,1992,28523502.0,Americas,77.95,26342.88426
249,Canada,1997,30305843.0,Americas,78.61,28954.92589
250,Canada,2002,31902268.0,Americas,79.77,33328.96507
251,Canada,2007,33390141.0,Americas,80.653,36319.235010000004
252,Central African Republic,1952,1291695.0,Africa,35.463,1071.310713
253,Central African Republic,1957,1392284.0,Africa,37.464,1190.844328
254,Central African Republic,1962,1523478.0,Africa,39.475,1193.068753
255,Central African Republic,1967,1733638.0,Africa,41.478,1136.056615
256,Central African Republic,1972,1927260.0,Africa,43.457,1070.013275
257,Central African Republic,1977,2167533.0,Africa,46.775,1109.374338
258,Central African Republic,1982,2476971.0,Africa,48.295,956.7529906999999
259,Central African Republic,1987,2840009.0,Africa,50.485,844.8763504000001
260,Central African Republic,1992,3265124.0,Africa,49.396,747.9055252
261,Central African Republic,1997,3696513.0,Africa,46.066,740.5063317
262,Central African Republic,2002,4048013.0,Africa,43.308,738.6906068
263,Central African Republic,2007,4369038.0,Africa,44.74100000000001,706.016537
264,Chad,1952,2682462.0,Africa,38.092,1178.665927
265,Chad,1957,2894855.0,Africa,39.881,1308.495577
266,Chad,1962,3150417.0,Africa,41.716,1389.817618
267,Chad,1967,3495967.0,Africa,43.601000000000006,1196.810565
268,Chad,1972,3899068.0,Africa,45.568999999999996,1104.103987
269,Chad,1977,4388260.0,Africa,47.383,1133.98495
270,Chad,1982,4875118.0,Africa,49.516999999999996,797.9081006
271,Chad,1987,5498955.0,Africa,51.051,952.3861289999999
272,Chad,1992,6429417.0,Africa,51.724,1058.0643
273,Chad,1997,7562011.0,Africa,51.573,1004.9613529999999
274,Chad,2002,8835739.0,Africa,50.525,1156.18186
275,Chad,2007,10238807.0,Africa,50.651,1704.0637239999999
276,Chile,1952,6377619.0,Americas,54.745,3939.9787890000002
277,Chile,1957,7048426.0,Americas,56.074,4315.6227229999995
278,Chile,1962,7961258.0,Americas,57.924,4519.094331
279,Chile,1967,8858908.0,Americas,60.523,5106.654313
280,Chile,1972,9717524.0,Americas,63.441,5494.024437
281,Chile,1977,10599793.0,Americas,67.05199999999999,4756.763836
282,Chile,1982,11487112.0,Americas,70.565,5095.665738000001
283,Chile,1987,12463354.0,Americas,72.492,5547.063754
284,Chile,1992,13572994.0,Americas,74.126,7596.125964
285,Chile,1997,14599929.0,Americas,75.816,10118.053179999999
286,Chile,2002,15497046.0,Americas,77.86,10778.78385
287,Chile,2007,16284741.0,Americas,78.553,13171.63885
288,China,1952,556263528.0,Asia,44.0,400.44861069999996
289,China,1957,637408000.0,Asia,50.54896,575.9870009
290,China,1962,665770000.0,Asia,44.50136,487.6740183
291,China,1967,754550000.0,Asia,58.381119999999996,612.7056934
292,China,1972,862030000.0,Asia,63.118880000000004,676.9000921
293,China,1977,943455000.0,Asia,63.96736,741.2374699
294,China,1982,1000281000.0,Asia,65.525,962.4213804999999
295,China,1987,1084035000.0,Asia,67.274,1378.904018
296,China,1992,1164970000.0,Asia,68.69,1655.784158
297,China,1997,1230075000.0,Asia,70.426,2289.234136
298,China,2002,1280400000.0,Asia,72.028,3119.280896
299,China,2007,1318683096.0,Asia,72.961,4959.1148539999995
300,Colombia,1952,12350771.0,Americas,50.643,2144.115096
301,Colombia,1957,14485993.0,Americas,55.118,2323.805581
302,Colombia,1962,17009885.0,Americas,57.863,2492.351109
303,Colombia,1967,19764027.0,Americas,59.963,2678.729839
304,Colombia,1972,22542890.0,Americas,61.623000000000005,3264.660041
305,Colombia,1977,25094412.0,Americas,63.836999999999996,3815.80787
306,Colombia,1982,27764644.0,Americas,66.653,4397.575659
307,Colombia,1987,30964245.0,Americas,67.768,4903.2191
308,Colombia,1992,34202721.0,Americas,68.421,5444.648617
309,Colombia,1997,37657830.0,Americas,70.313,6117.3617460000005
310,Colombia,2002,41008227.0,Americas,71.682,5755.259962
311,Colombia,2007,44227550.0,Americas,72.889,7006.580419
312,Comoros,1952,153936.0,Africa,40.715,1102.990936
313,Comoros,1957,170928.0,Africa,42.46,1211.1485480000001
314,Comoros,1962,191689.0,Africa,44.467,1406.648278
315,Comoros,1967,217378.0,Africa,46.472,1876.029643
316,Comoros,1972,250027.0,Africa,48.943999999999996,1937.577675
317,Comoros,1977,304739.0,Africa,50.93899999999999,1172.603047
318,Comoros,1982,348643.0,Africa,52.933,1267.100083
319,Comoros,1987,395114.0,Africa,54.926,1315.980812
320,Comoros,1992,454429.0,Africa,57.93899999999999,1246.90737
321,Comoros,1997,527982.0,Africa,60.66,1173.618235
322,Comoros,2002,614382.0,Africa,62.974,1075.811558
323,Comoros,2007,710960.0,Africa,65.152,986.1478792000001
324,"Congo, Dem. Rep.",1952,14100005.0,Africa,39.143,780.5423257
325,"Congo, Dem. Rep.",1957,15577932.0,Africa,40.652,905.8602302999999
326,"Congo, Dem. Rep.",1962,17486434.0,Africa,42.122,896.3146335000001
327,"Congo, Dem. Rep.",1967,19941073.0,Africa,44.056000000000004,861.5932424
328,"Congo, Dem. Rep.",1972,23007669.0,Africa,45.989,904.8960685000001
329,"Congo, Dem. Rep.",1977,26480870.0,Africa,47.803999999999995,795.757282
330,"Congo, Dem. Rep.",1982,30646495.0,Africa,47.784,673.7478181
331,"Congo, Dem. Rep.",1987,35481645.0,Africa,47.412,672.774812
332,"Congo, Dem. Rep.",1992,41672143.0,Africa,45.548,457.7191807
333,"Congo, Dem. Rep.",1997,47798986.0,Africa,42.586999999999996,312.188423
334,"Congo, Dem. Rep.",2002,55379852.0,Africa,44.966,241.16587650000002
335,"Congo, Dem. Rep.",2007,64606759.0,Africa,46.461999999999996,277.55185869999997
336,"Congo, Rep.",1952,854885.0,Africa,42.111000000000004,2125.621418
337,"Congo, Rep.",1957,940458.0,Africa,45.053000000000004,2315.056572
338,"Congo, Rep.",1962,1047924.0,Africa,48.435,2464.783157
339,"Congo, Rep.",1967,1179760.0,Africa,52.04,2677.9396420000003
340,"Congo, Rep.",1972,1340458.0,Africa,54.907,3213.152683
341,"Congo, Rep.",1977,1536769.0,Africa,55.625,3259.178978
342,"Congo, Rep.",1982,1774735.0,Africa,56.695,4879.507522
343,"Congo, Rep.",1987,2064095.0,Africa,57.47,4201.194936999999
344,"Congo, Rep.",1992,2409073.0,Africa,56.433,4016.239529
345,"Congo, Rep.",1997,2800947.0,Africa,52.961999999999996,3484.1643759999997
346,"Congo, Rep.",2002,3328795.0,Africa,52.97,3484.06197
347,"Congo, Rep.",2007,3800610.0,Africa,55.321999999999996,3632.557798
348,Costa Rica,1952,926317.0,Americas,57.206,2627.0094710000003
349,Costa Rica,1957,1112300.0,Americas,60.026,2990.010802
350,Costa Rica,1962,1345187.0,Americas,62.842,3460.937025
351,Costa Rica,1967,1588717.0,Americas,65.42399999999999,4161.727834
352,Costa Rica,1972,1834796.0,Americas,67.84899999999999,5118.146939
353,Costa Rica,1977,2108457.0,Americas,70.75,5926.876967
354,Costa Rica,1982,2424367.0,Americas,73.45,5262.734751
355,Costa Rica,1987,2799811.0,Americas,74.752,5629.915318
356,Costa Rica,1992,3173216.0,Americas,75.71300000000001,6160.416317
357,Costa Rica,1997,3518107.0,Americas,77.26,6677.045314
358,Costa Rica,2002,3834934.0,Americas,78.123,7723.447195000001
359,Costa Rica,2007,4133884.0,Americas,78.782,9645.06142
360,Cote d'Ivoire,1952,2977019.0,Africa,40.477,1388.594732
361,Cote d'Ivoire,1957,3300000.0,Africa,42.468999999999994,1500.895925
362,Cote d'Ivoire,1962,3832408.0,Africa,44.93,1728.8694280000002
363,Cote d'Ivoire,1967,4744870.0,Africa,47.35,2052.0504730000002
364,Cote d'Ivoire,1972,6071696.0,Africa,49.801,2378.201111
365,Cote d'Ivoire,1977,7459574.0,Africa,52.373999999999995,2517.736547
366,Cote d'Ivoire,1982,9025951.0,Africa,53.983000000000004,2602.710169
367,Cote d'Ivoire,1987,10761098.0,Africa,54.655,2156.9560690000003
368,Cote d'Ivoire,1992,12772596.0,Africa,52.044,1648.073791
369,Cote d'Ivoire,1997,14625967.0,Africa,47.99100000000001,1786.265407
370,Cote d'Ivoire,2002,16252726.0,Africa,46.832,1648.800823
371,Cote d'Ivoire,2007,18013409.0,Africa,48.328,1544.750112
372,Croatia,1952,3882229.0,Europe,61.21,3119.23652
373,Croatia,1957,3991242.0,Europe,64.77,4338.231617
374,Croatia,1962,4076557.0,Europe,67.13,5477.890018
375,Croatia,1967,4174366.0,Europe,68.5,6960.297861
376,Croatia,1972,4225310.0,Europe,69.61,9164.090127
377,Croatia,1977,4318673.0,Europe,70.64,11305.38517
378,Croatia,1982,4413368.0,Europe,70.46,13221.82184
379,Croatia,1987,4484310.0,Europe,71.52,13822.58394
380,Croatia,1992,4494013.0,Europe,72.527,8447.794873
381,Croatia,1997,4444595.0,Europe,73.68,9875.604515
382,Croatia,2002,4481020.0,Europe,74.876,11628.38895
383,Croatia,2007,4493312.0,Europe,75.748,14619.222719999998
384,Cuba,1952,6007797.0,Americas,59.42100000000001,5586.53878
385,Cuba,1957,6640752.0,Americas,62.325,6092.174359000001
386,Cuba,1962,7254373.0,Americas,65.24600000000001,5180.75591
387,Cuba,1967,8139332.0,Americas,68.29,5690.268015
388,Cuba,1972,8831348.0,Americas,70.723,5305.445256
389,Cuba,1977,9537988.0,Americas,72.649,6380.494965999999
390,Cuba,1982,9789224.0,Americas,73.717,7316.9181069999995
391,Cuba,1987,10239839.0,Americas,74.17399999999999,7532.924762999999
392,Cuba,1992,10723260.0,Americas,74.414,5592.843963
393,Cuba,1997,10983007.0,Americas,76.15100000000001,5431.990415
394,Cuba,2002,11226999.0,Americas,77.158,6340.646683
395,Cuba,2007,11416987.0,Americas,78.273,8948.102923
396,Czech Republic,1952,9125183.0,Europe,66.87,6876.14025
397,Czech Republic,1957,9513758.0,Europe,69.03,8256.343918
398,Czech Republic,1962,9620282.0,Europe,69.9,10136.86713
399,Czech Republic,1967,9835109.0,Europe,70.38,11399.44489
400,Czech Republic,1972,9862158.0,Europe,70.29,13108.4536
401,Czech Republic,1977,10161915.0,Europe,70.71,14800.160619999999
402,Czech Republic,1982,10303704.0,Europe,70.96,15377.22855
403,Czech Republic,1987,10311597.0,Europe,71.58,16310.4434
404,Czech Republic,1992,10315702.0,Europe,72.4,14297.021219999999
405,Czech Republic,1997,10300707.0,Europe,74.01,16048.51424
406,Czech Republic,2002,10256295.0,Europe,75.51,17596.210219999997
407,Czech Republic,2007,10228744.0,Europe,76.486,22833.30851
408,Denmark,1952,4334000.0,Europe,70.78,9692.385245
409,Denmark,1957,4487831.0,Europe,71.81,11099.65935
410,Denmark,1962,4646899.0,Europe,72.35,13583.31351
411,Denmark,1967,4838800.0,Europe,72.96,15937.21123
412,Denmark,1972,4991596.0,Europe,73.47,18866.20721
413,Denmark,1977,5088419.0,Europe,74.69,20422.9015
414,Denmark,1982,5117810.0,Europe,74.63,21688.04048
415,Denmark,1987,5127024.0,Europe,74.8,25116.17581
416,Denmark,1992,5171393.0,Europe,75.33,26406.73985
417,Denmark,1997,5283663.0,Europe,76.11,29804.34567
418,Denmark,2002,5374693.0,Europe,77.18,32166.500060000002
419,Denmark,2007,5468120.0,Europe,78.332,35278.41874
420,Djibouti,1952,63149.0,Africa,34.812,2669.529475
421,Djibouti,1957,71851.0,Africa,37.328,2864.9690760000003
422,Djibouti,1962,89898.0,Africa,39.693000000000005,3020.989263
423,Djibouti,1967,127617.0,Africa,42.074,3020.0505129999997
424,Djibouti,1972,178848.0,Africa,44.36600000000001,3694.2123520000005
425,Djibouti,1977,228694.0,Africa,46.519,3081.7610219999997
426,Djibouti,1982,305991.0,Africa,48.812,2879.4680670000002
427,Djibouti,1987,311025.0,Africa,50.04,2880.102568
428,Djibouti,1992,384156.0,Africa,51.604,2377.1561920000004
429,Djibouti,1997,417908.0,Africa,53.157,1895.016984
430,Djibouti,2002,447416.0,Africa,53.373000000000005,1908.2608670000002
431,Djibouti,2007,496374.0,Africa,54.791000000000004,2082.4815670000003
432,Dominican Republic,1952,2491346.0,Americas,45.928000000000004,1397.7171369999999
433,Dominican Republic,1957,2923186.0,Americas,49.828,1544.402995
434,Dominican Republic,1962,3453434.0,Americas,53.458999999999996,1662.137359
435,Dominican Republic,1967,4049146.0,Americas,56.751000000000005,1653.7230029999998
436,Dominican Republic,1972,4671329.0,Americas,59.631,2189.874499
437,Dominican Republic,1977,5302800.0,Americas,61.788000000000004,2681.9889
438,Dominican Republic,1982,5968349.0,Americas,63.727,2861.092386
439,Dominican Republic,1987,6655297.0,Americas,66.046,2899.842175
440,Dominican Republic,1992,7351181.0,Americas,68.457,3044.214214
441,Dominican Republic,1997,7992357.0,Americas,69.957,3614.101285
442,Dominican Republic,2002,8650322.0,Americas,70.847,4563.808154
443,Dominican Republic,2007,9319622.0,Americas,72.235,6025.374752000001
444,Ecuador,1952,3548753.0,Americas,48.357,3522.110717
445,Ecuador,1957,4058385.0,Americas,51.356,3780.5466509999997
446,Ecuador,1962,4681707.0,Americas,54.64,4086.114078
447,Ecuador,1967,5432424.0,Americas,56.678000000000004,4579.074215
448,Ecuador,1972,6298651.0,Americas,58.79600000000001,5280.99471
449,Ecuador,1977,7278866.0,Americas,61.31,6679.62326
450,Ecuador,1982,8365850.0,Americas,64.342,7213.7912670000005
451,Ecuador,1987,9545158.0,Americas,67.23100000000001,6481.776993
452,Ecuador,1992,10748394.0,Americas,69.613,7103.702595000001
453,Ecuador,1997,11911819.0,Americas,72.312,7429.455876999999
454,Ecuador,2002,12921234.0,Americas,74.173,5773.0445119999995
455,Ecuador,2007,13755680.0,Americas,74.994,6873.262326000001
456,Egypt,1952,22223309.0,Africa,41.893,1418.822445
457,Egypt,1957,25009741.0,Africa,44.443999999999996,1458.915272
458,Egypt,1962,28173309.0,Africa,46.992,1693.335853
459,Egypt,1967,31681188.0,Africa,49.293,1814.880728
460,Egypt,1972,34807417.0,Africa,51.137,2024.0081469999998
461,Egypt,1977,38783863.0,Africa,53.318999999999996,2785.493582
462,Egypt,1982,45681811.0,Africa,56.006,3503.729636
463,Egypt,1987,52799062.0,Africa,59.797,3885.4607100000003
464,Egypt,1992,59402198.0,Africa,63.674,3794.755195
465,Egypt,1997,66134291.0,Africa,67.217,4173.181797
466,Egypt,2002,73312559.0,Africa,69.806,4754.604414
467,Egypt,2007,80264543.0,Africa,71.33800000000001,5581.180998
468,El Salvador,1952,2042865.0,Americas,45.262,3048.3029
469,El Salvador,1957,2355805.0,Americas,48.57,3421.523218
470,El Salvador,1962,2747687.0,Americas,52.306999999999995,3776.8036270000002
471,El Salvador,1967,3232927.0,Americas,55.855,4358.595393
472,El Salvador,1972,3790903.0,Americas,58.207,4520.246008
473,El Salvador,1977,4282586.0,Americas,56.696000000000005,5138.922374
474,El Salvador,1982,4474873.0,Americas,56.604,4098.344175
475,El Salvador,1987,4842194.0,Americas,63.153999999999996,4140.442097
476,El Salvador,1992,5274649.0,Americas,66.798,4444.2317
477,El Salvador,1997,5783439.0,Americas,69.535,5154.825496
478,El Salvador,2002,6353681.0,Americas,70.734,5351.568665999999
479,El Salvador,2007,6939688.0,Americas,71.878,5728.353514
480,Equatorial Guinea,1952,216964.0,Africa,34.482,375.6431231
481,Equatorial Guinea,1957,232922.0,Africa,35.983000000000004,426.0964081
482,Equatorial Guinea,1962,249220.0,Africa,37.485,582.8419713999999
483,Equatorial Guinea,1967,259864.0,Africa,38.986999999999995,915.5960025
484,Equatorial Guinea,1972,277603.0,Africa,40.516,672.4122571
485,Equatorial Guinea,1977,192675.0,Africa,42.023999999999994,958.5668124
486,Equatorial Guinea,1982,285483.0,Africa,43.662,927.8253427000001
487,Equatorial Guinea,1987,341244.0,Africa,45.663999999999994,966.8968149
488,Equatorial Guinea,1992,387838.0,Africa,47.545,1132.055034
489,Equatorial Guinea,1997,439971.0,Africa,48.245,2814.480755
490,Equatorial Guinea,2002,495627.0,Africa,49.348,7703.4959
491,Equatorial Guinea,2007,551201.0,Africa,51.57899999999999,12154.08975
492,Eritrea,1952,1438760.0,Africa,35.928000000000004,328.94055710000004
493,Eritrea,1957,1542611.0,Africa,38.047,344.16188589999996
494,Eritrea,1962,1666618.0,Africa,40.158,380.99584330000005
495,Eritrea,1967,1820319.0,Africa,42.18899999999999,468.7949699
496,Eritrea,1972,2260187.0,Africa,44.141999999999996,514.3242081999999
497,Eritrea,1977,2512642.0,Africa,44.535,505.7538077
498,Eritrea,1982,2637297.0,Africa,43.89,524.8758493
499,Eritrea,1987,2915959.0,Africa,46.453,521.1341333
500,Eritrea,1992,3668440.0,Africa,49.99100000000001,582.8585102000001
501,Eritrea,1997,4058319.0,Africa,53.378,913.4707900000001
502,Eritrea,2002,4414865.0,Africa,55.24,765.3500015
503,Eritrea,2007,4906585.0,Africa,58.04,641.3695236000001
504,Ethiopia,1952,20860941.0,Africa,34.078,362.1462796
505,Ethiopia,1957,22815614.0,Africa,36.667,378.90416319999997
506,Ethiopia,1962,25145372.0,Africa,40.059,419.4564161
507,Ethiopia,1967,27860297.0,Africa,42.115,516.1186438
508,Ethiopia,1972,30770372.0,Africa,43.515,566.2439442000001
509,Ethiopia,1977,34617799.0,Africa,44.51,556.8083834
510,Ethiopia,1982,38111756.0,Africa,44.916000000000004,577.8607471
511,Ethiopia,1987,42999530.0,Africa,46.684,573.7413142000001
512,Ethiopia,1992,52088559.0,Africa,48.091,421.3534653
513,Ethiopia,1997,59861301.0,Africa,49.402,515.8894013
514,Ethiopia,2002,67946797.0,Africa,50.725,530.0535319
515,Ethiopia,2007,76511887.0,Africa,52.946999999999996,690.8055759
516,Finland,1952,4090500.0,Europe,66.55,6424.519071
517,Finland,1957,4324000.0,Europe,67.49,7545.415386
518,Finland,1962,4491443.0,Europe,68.75,9371.842561
519,Finland,1967,4605744.0,Europe,69.83,10921.63626
520,Finland,1972,4639657.0,Europe,70.87,14358.8759
521,Finland,1977,4738902.0,Europe,72.52,15605.422830000001
522,Finland,1982,4826933.0,Europe,74.55,18533.15761
523,Finland,1987,4931729.0,Europe,74.83,21141.01223
524,Finland,1992,5041039.0,Europe,75.7,20647.16499
525,Finland,1997,5134406.0,Europe,77.13,23723.9502
526,Finland,2002,5193039.0,Europe,78.37,28204.59057
527,Finland,2007,5238460.0,Europe,79.313,33207.0844
528,France,1952,42459667.0,Europe,67.41,7029.809327
529,France,1957,44310863.0,Europe,68.93,8662.834898000001
530,France,1962,47124000.0,Europe,70.51,10560.48553
531,France,1967,49569000.0,Europe,71.55,12999.91766
532,France,1972,51732000.0,Europe,72.38,16107.19171
533,France,1977,53165019.0,Europe,73.83,18292.635140000002
534,France,1982,54433565.0,Europe,74.89,20293.89746
535,France,1987,55630100.0,Europe,76.34,22066.44214
536,France,1992,57374179.0,Europe,77.46,24703.79615
537,France,1997,58623428.0,Europe,78.64,25889.78487
538,France,2002,59925035.0,Europe,79.59,28926.032339999998
539,France,2007,61083916.0,Europe,80.657,30470.0167
540,Gabon,1952,420702.0,Africa,37.003,4293.476475
541,Gabon,1957,434904.0,Africa,38.999,4976.198099
542,Gabon,1962,455661.0,Africa,40.489000000000004,6631.4592219999995
543,Gabon,1967,489004.0,Africa,44.598,8358.761987
544,Gabon,1972,537977.0,Africa,48.69,11401.948409999999
545,Gabon,1977,706367.0,Africa,52.79,21745.57328
546,Gabon,1982,753874.0,Africa,56.56399999999999,15113.36194
547,Gabon,1987,880397.0,Africa,60.19,11864.408440000001
548,Gabon,1992,985739.0,Africa,61.36600000000001,13522.157519999999
549,Gabon,1997,1126189.0,Africa,60.461000000000006,14722.841880000002
550,Gabon,2002,1299304.0,Africa,56.761,12521.71392
551,Gabon,2007,1454867.0,Africa,56.735,13206.48452
552,Gambia,1952,284320.0,Africa,30.0,485.2306591
553,Gambia,1957,323150.0,Africa,32.065,520.9267111
554,Gambia,1962,374020.0,Africa,33.896,599.650276
555,Gambia,1967,439593.0,Africa,35.857,734.7829124
556,Gambia,1972,517101.0,Africa,38.308,756.0868363
557,Gambia,1977,608274.0,Africa,41.842,884.7552507000001
558,Gambia,1982,715523.0,Africa,45.58,835.8096107999999
559,Gambia,1987,848406.0,Africa,49.265,611.6588611000001
560,Gambia,1992,1025384.0,Africa,52.644,665.6244126
561,Gambia,1997,1235767.0,Africa,55.861000000000004,653.7301704
562,Gambia,2002,1457766.0,Africa,58.041000000000004,660.5855997
563,Gambia,2007,1688359.0,Africa,59.448,752.7497265
564,Germany,1952,69145952.0,Europe,67.5,7144.114393000001
565,Germany,1957,71019069.0,Europe,69.1,10187.82665
566,Germany,1962,73739117.0,Europe,70.3,12902.46291
567,Germany,1967,76368453.0,Europe,70.8,14745.62561
568,Germany,1972,78717088.0,Europe,71.0,18016.180269999997
569,Germany,1977,78160773.0,Europe,72.5,20512.92123
570,Germany,1982,78335266.0,Europe,73.8,22031.532740000002
571,Germany,1987,77718298.0,Europe,74.847,24639.18566
572,Germany,1992,80597764.0,Europe,76.07,26505.30317
573,Germany,1997,82011073.0,Europe,77.34,27788.88416
574,Germany,2002,82350671.0,Europe,78.67,30035.80198
575,Germany,2007,82400996.0,Europe,79.406,32170.37442
576,Ghana,1952,5581001.0,Africa,43.148999999999994,911.2989371
577,Ghana,1957,6391288.0,Africa,44.778999999999996,1043.5615369999998
578,Ghana,1962,7355248.0,Africa,46.452,1190.0411179999999
579,Ghana,1967,8490213.0,Africa,48.071999999999996,1125.69716
580,Ghana,1972,9354120.0,Africa,49.875,1178.223708
581,Ghana,1977,10538093.0,Africa,51.756,993.2239571
582,Ghana,1982,11400338.0,Africa,53.744,876.032569
583,Ghana,1987,14168101.0,Africa,55.729,847.0061135
584,Ghana,1992,16278738.0,Africa,57.501000000000005,925.0601539999999
585,Ghana,1997,18418288.0,Africa,58.556000000000004,1005.2458119999999
586,Ghana,2002,20550751.0,Africa,58.453,1111.9845779999998
587,Ghana,2007,22873338.0,Africa,60.022,1327.60891
588,Greece,1952,7733250.0,Europe,65.86,3530.690067
589,Greece,1957,8096218.0,Europe,67.86,4916.299889
590,Greece,1962,8448233.0,Europe,69.51,6017.190732999999
591,Greece,1967,8716441.0,Europe,71.0,8513.097016
592,Greece,1972,8888628.0,Europe,72.34,12724.82957
593,Greece,1977,9308479.0,Europe,73.68,14195.524280000001
594,Greece,1982,9786480.0,Europe,75.24,15268.420890000001
595,Greece,1987,9974490.0,Europe,76.67,16120.528390000001
596,Greece,1992,10325429.0,Europe,77.03,17541.49634
597,Greece,1997,10502372.0,Europe,77.869,18747.69814
598,Greece,2002,10603863.0,Europe,78.256,22514.2548
599,Greece,2007,10706290.0,Europe,79.483,27538.41188
600,Guatemala,1952,3146381.0,Americas,42.023,2428.2377690000003
601,Guatemala,1957,3640876.0,Americas,44.141999999999996,2617.155967
602,Guatemala,1962,4208858.0,Americas,46.95399999999999,2750.364446
603,Guatemala,1967,4690773.0,Americas,50.016000000000005,3242.5311469999997
604,Guatemala,1972,5149581.0,Americas,53.738,4031.4082710000002
605,Guatemala,1977,5703430.0,Americas,56.028999999999996,4879.992748
606,Guatemala,1982,6395630.0,Americas,58.137,4820.49479
607,Guatemala,1987,7326406.0,Americas,60.782,4246.485974
608,Guatemala,1992,8486949.0,Americas,63.373000000000005,4439.4508399999995
609,Guatemala,1997,9803875.0,Americas,66.322,4684.313807
610,Guatemala,2002,11178650.0,Americas,68.97800000000001,4858.347495
611,Guatemala,2007,12572928.0,Americas,70.259,5186.050003
612,Guinea,1952,2664249.0,Africa,33.609,510.19649230000005
613,Guinea,1957,2876726.0,Africa,34.558,576.2670245
614,Guinea,1962,3140003.0,Africa,35.753,686.3736739
615,Guinea,1967,3451418.0,Africa,37.196999999999996,708.7595409
616,Guinea,1972,3811387.0,Africa,38.842,741.6662307
617,Guinea,1977,4227026.0,Africa,40.762,874.6858642999999
618,Guinea,1982,4710497.0,Africa,42.891000000000005,857.2503577
619,Guinea,1987,5650262.0,Africa,45.552,805.5724717999999
620,Guinea,1992,6990574.0,Africa,48.576,794.3484384
621,Guinea,1997,8048834.0,Africa,51.455,869.4497667999999
622,Guinea,2002,8807818.0,Africa,53.676,945.5835837000001
623,Guinea,2007,9947814.0,Africa,56.007,942.6542111
624,Guinea-Bissau,1952,580653.0,Africa,32.5,299.850319
625,Guinea-Bissau,1957,601095.0,Africa,33.489000000000004,431.7904566000001
626,Guinea-Bissau,1962,627820.0,Africa,34.488,522.0343725
627,Guinea-Bissau,1967,601287.0,Africa,35.492,715.5806402000001
628,Guinea-Bissau,1972,625361.0,Africa,36.486,820.2245876000001
629,Guinea-Bissau,1977,745228.0,Africa,37.465,764.7259627999999
630,Guinea-Bissau,1982,825987.0,Africa,39.327,838.1239671
631,Guinea-Bissau,1987,927524.0,Africa,41.245,736.4153921
632,Guinea-Bissau,1992,1050938.0,Africa,43.266000000000005,745.5398706
633,Guinea-Bissau,1997,1193708.0,Africa,44.873000000000005,796.6644681
634,Guinea-Bissau,2002,1332459.0,Africa,45.504,575.7047176
635,Guinea-Bissau,2007,1472041.0,Africa,46.388000000000005,579.2317429999999
636,Haiti,1952,3201488.0,Americas,37.579,1840.366939
637,Haiti,1957,3507701.0,Americas,40.696,1726.887882
638,Haiti,1962,3880130.0,Americas,43.59,1796.589032
639,Haiti,1967,4318137.0,Americas,46.243,1452.057666
640,Haiti,1972,4698301.0,Americas,48.042,1654.456946
641,Haiti,1977,4908554.0,Americas,49.923,1874.2989309999998
642,Haiti,1982,5198399.0,Americas,51.461000000000006,2011.1595489999997
643,Haiti,1987,5756203.0,Americas,53.636,1823.015995
644,Haiti,1992,6326682.0,Americas,55.089,1456.309517
645,Haiti,1997,6913545.0,Americas,56.67100000000001,1341.7269310000001
646,Haiti,2002,7607651.0,Americas,58.137,1270.364932
647,Haiti,2007,8502814.0,Americas,60.916000000000004,1201.637154
648,Honduras,1952,1517453.0,Americas,41.912,2194.926204
649,Honduras,1957,1770390.0,Americas,44.665,2220.487682
650,Honduras,1962,2090162.0,Americas,48.041000000000004,2291.1568350000002
651,Honduras,1967,2500689.0,Americas,50.924,2538.269358
652,Honduras,1972,2965146.0,Americas,53.88399999999999,2529.842345
653,Honduras,1977,3055235.0,Americas,57.402,3203.208066
654,Honduras,1982,3669448.0,Americas,60.909,3121.7607940000003
655,Honduras,1987,4372203.0,Americas,64.492,3023.0966989999997
656,Honduras,1992,5077347.0,Americas,66.399,3081.694603
657,Honduras,1997,5867957.0,Americas,67.65899999999999,3160.454906
658,Honduras,2002,6677328.0,Americas,68.565,3099.72866
659,Honduras,2007,7483763.0,Americas,70.19800000000001,3548.3308460000003
660,"Hong Kong, China",1952,2125900.0,Asia,60.96,3054.421209
661,"Hong Kong, China",1957,2736300.0,Asia,64.75,3629.076457
662,"Hong Kong, China",1962,3305200.0,Asia,67.65,4692.648271999999
663,"Hong Kong, China",1967,3722800.0,Asia,70.0,6197.962814
664,"Hong Kong, China",1972,4115700.0,Asia,72.0,8315.928145
665,"Hong Kong, China",1977,4583700.0,Asia,73.6,11186.14125
666,"Hong Kong, China",1982,5264500.0,Asia,75.45,14560.530509999999
667,"Hong Kong, China",1987,5584510.0,Asia,76.2,20038.472690000002
668,"Hong Kong, China",1992,5829696.0,Asia,77.601,24757.60301
669,"Hong Kong, China",1997,6495918.0,Asia,80.0,28377.632189999997
670,"Hong Kong, China",2002,6762476.0,Asia,81.495,30209.015160000003
671,"Hong Kong, China",2007,6980412.0,Asia,82.208,39724.97867
672,Hungary,1952,9504000.0,Europe,64.03,5263.6738159999995
673,Hungary,1957,9839000.0,Europe,66.41,6040.180011
674,Hungary,1962,10063000.0,Europe,67.96,7550.359877
675,Hungary,1967,10223422.0,Europe,69.5,9326.64467
676,Hungary,1972,10394091.0,Europe,69.76,10168.65611
677,Hungary,1977,10637171.0,Europe,69.95,11674.837370000001
678,Hungary,1982,10705535.0,Europe,69.39,12545.99066
679,Hungary,1987,10612740.0,Europe,69.58,12986.47998
680,Hungary,1992,10348684.0,Europe,69.17,10535.62855
681,Hungary,1997,10244684.0,Europe,71.04,11712.7768
682,Hungary,2002,10083313.0,Europe,72.59,14843.93556
683,Hungary,2007,9956108.0,Europe,73.33800000000001,18008.94444
684,Iceland,1952,147962.0,Europe,72.49,7267.688428
685,Iceland,1957,165110.0,Europe,73.47,9244.001412
686,Iceland,1962,182053.0,Europe,73.68,10350.15906
687,Iceland,1967,198676.0,Europe,73.73,13319.89568
688,Iceland,1972,209275.0,Europe,74.46,15798.063619999999
689,Iceland,1977,221823.0,Europe,76.11,19654.96247
690,Iceland,1982,233997.0,Europe,76.99,23269.6075
691,Iceland,1987,244676.0,Europe,77.23,26923.206280000002
692,Iceland,1992,259012.0,Europe,78.77,25144.39201
693,Iceland,1997,271192.0,Europe,78.95,28061.099660000003
694,Iceland,2002,288030.0,Europe,80.5,31163.201960000002
695,Iceland,2007,301931.0,Europe,81.757,36180.789189999996
696,India,1952,372000000.0,Asia,37.373000000000005,546.5657493
697,India,1957,409000000.0,Asia,40.249,590.061996
698,India,1962,454000000.0,Asia,43.605,658.3471509
699,India,1967,506000000.0,Asia,47.193000000000005,700.7706107000001
700,India,1972,567000000.0,Asia,50.651,724.032527
701,India,1977,634000000.0,Asia,54.208,813.3373230000001
702,India,1982,708000000.0,Asia,56.596000000000004,855.7235377000001
703,India,1987,788000000.0,Asia,58.553000000000004,976.5126756000001
704,India,1992,872000000.0,Asia,60.223,1164.406809
705,India,1997,959000000.0,Asia,61.765,1458.817442
706,India,2002,1034172547.0,Asia,62.879,1746.769454
707,India,2007,1110396331.0,Asia,64.69800000000001,2452.210407
708,Indonesia,1952,82052000.0,Asia,37.468,749.6816546
709,Indonesia,1957,90124000.0,Asia,39.918,858.9002707000001
710,Indonesia,1962,99028000.0,Asia,42.518,849.2897700999999
711,Indonesia,1967,109343000.0,Asia,45.964,762.4317721
712,Indonesia,1972,121282000.0,Asia,49.203,1111.107907
713,Indonesia,1977,136725000.0,Asia,52.702,1382.702056
714,Indonesia,1982,153343000.0,Asia,56.159,1516.872988
715,Indonesia,1987,169276000.0,Asia,60.137,1748.356961
716,Indonesia,1992,184816000.0,Asia,62.681000000000004,2383.140898
717,Indonesia,1997,199278000.0,Asia,66.041,3119.335603
718,Indonesia,2002,211060000.0,Asia,68.58800000000001,2873.91287
719,Indonesia,2007,223547000.0,Asia,70.65,3540.6515640000002
720,Iran,1952,17272000.0,Asia,44.869,3035.326002
721,Iran,1957,19792000.0,Asia,47.181000000000004,3290.257643
722,Iran,1962,22874000.0,Asia,49.325,4187.329802
723,Iran,1967,26538000.0,Asia,52.468999999999994,5906.731804999999
724,Iran,1972,30614000.0,Asia,55.233999999999995,9613.818607
725,Iran,1977,35480679.0,Asia,57.702,11888.59508
726,Iran,1982,43072751.0,Asia,59.62,7608.334602
727,Iran,1987,51889696.0,Asia,63.04,6642.881371
728,Iran,1992,60397973.0,Asia,65.742,7235.653187999999
729,Iran,1997,63327987.0,Asia,68.042,8263.590301
730,Iran,2002,66907826.0,Asia,69.45100000000001,9240.761975
731,Iran,2007,69453570.0,Asia,70.964,11605.71449
732,Iraq,1952,5441766.0,Asia,45.32,4129.766056
733,Iraq,1957,6248643.0,Asia,48.437,6229.333562
734,Iraq,1962,7240260.0,Asia,51.457,8341.737815
735,Iraq,1967,8519282.0,Asia,54.458999999999996,8931.459811
736,Iraq,1972,10061506.0,Asia,56.95,9576.037596
737,Iraq,1977,11882916.0,Asia,60.413000000000004,14688.235069999999
738,Iraq,1982,14173318.0,Asia,62.038000000000004,14517.90711
739,Iraq,1987,16543189.0,Asia,65.044,11643.57268
740,Iraq,1992,17861905.0,Asia,59.461000000000006,3745.6406869999996
741,Iraq,1997,20775703.0,Asia,58.81100000000001,3076.239795
742,Iraq,2002,24001816.0,Asia,57.04600000000001,4390.717312
743,Iraq,2007,27499638.0,Asia,59.545,4471.061906
744,Ireland,1952,2952156.0,Europe,66.91,5210.280328
745,Ireland,1957,2878220.0,Europe,68.9,5599.077872
746,Ireland,1962,2830000.0,Europe,70.29,6631.597314
747,Ireland,1967,2900100.0,Europe,71.08,7655.568963
748,Ireland,1972,3024400.0,Europe,71.28,9530.772895999999
749,Ireland,1977,3271900.0,Europe,72.03,11150.98113
750,Ireland,1982,3480000.0,Europe,73.1,12618.321409999999
751,Ireland,1987,3539900.0,Europe,74.36,13872.86652
752,Ireland,1992,3557761.0,Europe,75.467,17558.81555
753,Ireland,1997,3667233.0,Europe,76.122,24521.94713
754,Ireland,2002,3879155.0,Europe,77.783,34077.04939
755,Ireland,2007,4109086.0,Europe,78.885,40675.99635
756,Israel,1952,1620914.0,Asia,65.39,4086.522128
757,Israel,1957,1944401.0,Asia,67.84,5385.278451
758,Israel,1962,2310904.0,Asia,69.39,7105.630706
759,Israel,1967,2693585.0,Asia,70.75,8393.741404
760,Israel,1972,3095893.0,Asia,71.63,12786.93223
761,Israel,1977,3495918.0,Asia,73.06,13306.619209999999
762,Israel,1982,3858421.0,Asia,74.45,15367.0292
763,Israel,1987,4203148.0,Asia,75.6,17122.47986
764,Israel,1992,4936550.0,Asia,76.93,18051.52254
765,Israel,1997,5531387.0,Asia,78.26899999999999,20896.60924
766,Israel,2002,6029529.0,Asia,79.696,21905.59514
767,Israel,2007,6426679.0,Asia,80.745,25523.2771
768,Italy,1952,47666000.0,Europe,65.94,4931.404154999999
769,Italy,1957,49182000.0,Europe,67.81,6248.656232
770,Italy,1962,50843200.0,Europe,69.24,8243.58234
771,Italy,1967,52667100.0,Europe,71.06,10022.40131
772,Italy,1972,54365564.0,Europe,72.19,12269.27378
773,Italy,1977,56059245.0,Europe,73.48,14255.98475
774,Italy,1982,56535636.0,Europe,74.98,16537.4835
775,Italy,1987,56729703.0,Europe,76.42,19207.234819999998
776,Italy,1992,56840847.0,Europe,77.44,22013.64486
777,Italy,1997,57479469.0,Europe,78.82,24675.02446
778,Italy,2002,57926999.0,Europe,80.24,27968.098169999997
779,Italy,2007,58147733.0,Europe,80.546,28569.7197
780,Jamaica,1952,1426095.0,Americas,58.53,2898.5308809999997
781,Jamaica,1957,1535090.0,Americas,62.61,4756.525781
782,Jamaica,1962,1665128.0,Americas,65.61,5246.107524
783,Jamaica,1967,1861096.0,Americas,67.51,6124.703450999999
784,Jamaica,1972,1997616.0,Americas,69.0,7433.889293000001
785,Jamaica,1977,2156814.0,Americas,70.11,6650.195573
786,Jamaica,1982,2298309.0,Americas,71.21,6068.05135
787,Jamaica,1987,2326606.0,Americas,71.77,6351.237495
788,Jamaica,1992,2378618.0,Americas,71.766,7404.923685
789,Jamaica,1997,2531311.0,Americas,72.262,7121.924704000001
790,Jamaica,2002,2664659.0,Americas,72.047,6994.774861
791,Jamaica,2007,2780132.0,Americas,72.567,7320.880262000001
792,Japan,1952,86459025.0,Asia,63.03,3216.956347
793,Japan,1957,91563009.0,Asia,65.5,4317.694365
794,Japan,1962,95831757.0,Asia,68.73,6576.649461
795,Japan,1967,100825279.0,Asia,71.43,9847.788606999999
796,Japan,1972,107188273.0,Asia,73.42,14778.78636
797,Japan,1977,113872473.0,Asia,75.38,16610.37701
798,Japan,1982,118454974.0,Asia,77.11,19384.10571
799,Japan,1987,122091325.0,Asia,78.67,22375.941890000002
800,Japan,1992,124329269.0,Asia,79.36,26824.895109999998
801,Japan,1997,125956499.0,Asia,80.69,28816.58499
802,Japan,2002,127065841.0,Asia,82.0,28604.5919
803,Japan,2007,127467972.0,Asia,82.603,31656.06806
804,Jordan,1952,607914.0,Asia,43.158,1546.907807
805,Jordan,1957,746559.0,Asia,45.669,1886.080591
806,Jordan,1962,933559.0,Asia,48.126000000000005,2348.009158
807,Jordan,1967,1255058.0,Asia,51.629,2741.796252
808,Jordan,1972,1613551.0,Asia,56.528,2110.856309
809,Jordan,1977,1937652.0,Asia,61.13399999999999,2852.351568
810,Jordan,1982,2347031.0,Asia,63.739,4161.415959
811,Jordan,1987,2820042.0,Asia,65.869,4448.679912
812,Jordan,1992,3867409.0,Asia,68.015,3431.5936469999997
813,Jordan,1997,4526235.0,Asia,69.77199999999999,3645.379572
814,Jordan,2002,5307470.0,Asia,71.263,3844.9171939999997
815,Jordan,2007,6053193.0,Asia,72.535,4519.461171
816,Kenya,1952,6464046.0,Africa,42.27,853.5409189999999
817,Kenya,1957,7454779.0,Africa,44.68600000000001,944.4383152
818,Kenya,1962,8678557.0,Africa,47.949,896.9663732
819,Kenya,1967,10191512.0,Africa,50.653999999999996,1056.736457
820,Kenya,1972,12044785.0,Africa,53.559,1222.359968
821,Kenya,1977,14500404.0,Africa,56.155,1267.613204
822,Kenya,1982,17661452.0,Africa,58.766000000000005,1348.225791
823,Kenya,1987,21198082.0,Africa,59.339,1361.936856
824,Kenya,1992,25020539.0,Africa,59.285,1341.9217210000002
825,Kenya,1997,28263827.0,Africa,54.407,1360.4850210000002
826,Kenya,2002,31386842.0,Africa,50.992,1287.514732
827,Kenya,2007,35610177.0,Africa,54.11,1463.249282
828,"Korea, Dem. Rep.",1952,8865488.0,Asia,50.056000000000004,1088.277758
829,"Korea, Dem. Rep.",1957,9411381.0,Asia,54.081,1571.134655
830,"Korea, Dem. Rep.",1962,10917494.0,Asia,56.656000000000006,1621.693598
831,"Korea, Dem. Rep.",1967,12617009.0,Asia,59.942,2143.540609
832,"Korea, Dem. Rep.",1972,14781241.0,Asia,63.983000000000004,3701.6215030000003
833,"Korea, Dem. Rep.",1977,16325320.0,Asia,67.15899999999999,4106.301249
834,"Korea, Dem. Rep.",1982,17647518.0,Asia,69.1,4106.525293
835,"Korea, Dem. Rep.",1987,19067554.0,Asia,70.64699999999999,4106.4923149999995
836,"Korea, Dem. Rep.",1992,20711375.0,Asia,69.97800000000001,3726.063507
837,"Korea, Dem. Rep.",1997,21585105.0,Asia,67.727,1690.756814
838,"Korea, Dem. Rep.",2002,22215365.0,Asia,66.66199999999999,1646.758151
839,"Korea, Dem. Rep.",2007,23301725.0,Asia,67.297,1593.06548
840,"Korea, Rep.",1952,20947571.0,Asia,47.453,1030.592226
841,"Korea, Rep.",1957,22611552.0,Asia,52.681000000000004,1487.593537
842,"Korea, Rep.",1962,26420307.0,Asia,55.292,1536.3443869999999
843,"Korea, Rep.",1967,30131000.0,Asia,57.716,2029.2281420000002
844,"Korea, Rep.",1972,33505000.0,Asia,62.611999999999995,3030.87665
845,"Korea, Rep.",1977,36436000.0,Asia,64.766,4657.22102
846,"Korea, Rep.",1982,39326000.0,Asia,67.123,5622.942464
847,"Korea, Rep.",1987,41622000.0,Asia,69.81,8533.088805
848,"Korea, Rep.",1992,43805450.0,Asia,72.244,12104.27872
849,"Korea, Rep.",1997,46173816.0,Asia,74.64699999999999,15993.52796
850,"Korea, Rep.",2002,47969150.0,Asia,77.045,19233.98818
851,"Korea, Rep.",2007,49044790.0,Asia,78.623,23348.139730000003
852,Kuwait,1952,160000.0,Asia,55.565,108382.3529
853,Kuwait,1957,212846.0,Asia,58.033,113523.1329
854,Kuwait,1962,358266.0,Asia,60.47,95458.11176
855,Kuwait,1967,575003.0,Asia,64.624,80894.88326
856,Kuwait,1972,841934.0,Asia,67.712,109347.867
857,Kuwait,1977,1140357.0,Asia,69.343,59265.477139999995
858,Kuwait,1982,1497494.0,Asia,71.309,31354.03573
859,Kuwait,1987,1891487.0,Asia,74.17399999999999,28118.42998
860,Kuwait,1992,1418095.0,Asia,75.19,34932.91959
861,Kuwait,1997,1765345.0,Asia,76.156,40300.61996
862,Kuwait,2002,2111561.0,Asia,76.904,35110.10566
863,Kuwait,2007,2505559.0,Asia,77.58800000000001,47306.98978
864,Lebanon,1952,1439529.0,Asia,55.928000000000004,4834.804067
865,Lebanon,1957,1647412.0,Asia,59.489,6089.786934000001
866,Lebanon,1962,1886848.0,Asia,62.093999999999994,5714.560611
867,Lebanon,1967,2186894.0,Asia,63.87,6006.983042
868,Lebanon,1972,2680018.0,Asia,65.421,7486.384341
869,Lebanon,1977,3115787.0,Asia,66.09899999999999,8659.696836
870,Lebanon,1982,3086876.0,Asia,66.983,7640.519520999999
871,Lebanon,1987,3089353.0,Asia,67.926,5377.091329
872,Lebanon,1992,3219994.0,Asia,69.292,6890.806854
873,Lebanon,1997,3430388.0,Asia,70.265,8754.96385
874,Lebanon,2002,3677780.0,Asia,71.028,9313.93883
875,Lebanon,2007,3921278.0,Asia,71.993,10461.05868
876,Lesotho,1952,748747.0,Africa,42.138000000000005,298.8462121
877,Lesotho,1957,813338.0,Africa,45.047,335.99711510000003
878,Lesotho,1962,893143.0,Africa,47.747,411.80062660000004
879,Lesotho,1967,996380.0,Africa,48.492,498.63902649999994
880,Lesotho,1972,1116779.0,Africa,49.766999999999996,496.58159220000005
881,Lesotho,1977,1251524.0,Africa,52.208,745.3695408
882,Lesotho,1982,1411807.0,Africa,55.078,797.2631074
883,Lesotho,1987,1599200.0,Africa,57.18,773.9932140999999
884,Lesotho,1992,1803195.0,Africa,59.685,977.4862724999999
885,Lesotho,1997,1982823.0,Africa,55.558,1186.147994
886,Lesotho,2002,2046772.0,Africa,44.593,1275.184575
887,Lesotho,2007,2012649.0,Africa,42.592,1569.331442
888,Liberia,1952,863308.0,Africa,38.48,575.5729961000001
889,Liberia,1957,975950.0,Africa,39.486,620.9699901
890,Liberia,1962,1112796.0,Africa,40.501999999999995,634.1951625
891,Liberia,1967,1279406.0,Africa,41.536,713.6036482999999
892,Liberia,1972,1482628.0,Africa,42.614,803.0054535
893,Liberia,1977,1703617.0,Africa,43.763999999999996,640.3224382999999
894,Liberia,1982,1956875.0,Africa,44.852,572.1995694
895,Liberia,1987,2269414.0,Africa,46.027,506.1138573
896,Liberia,1992,1912974.0,Africa,40.802,636.6229191000001
897,Liberia,1997,2200725.0,Africa,42.221000000000004,609.1739508
898,Liberia,2002,2814651.0,Africa,43.753,531.4823679
899,Liberia,2007,3193942.0,Africa,45.678000000000004,414.5073415
900,Libya,1952,1019729.0,Africa,42.723,2387.54806
901,Libya,1957,1201578.0,Africa,45.288999999999994,3448.284395
902,Libya,1962,1441863.0,Africa,47.808,6757.0308159999995
903,Libya,1967,1759224.0,Africa,50.227,18772.75169
904,Libya,1972,2183877.0,Africa,52.773,21011.497209999998
905,Libya,1977,2721783.0,Africa,57.442,21951.21176
906,Libya,1982,3344074.0,Africa,62.155,17364.275380000003
907,Libya,1987,3799845.0,Africa,66.234,11770.5898
908,Libya,1992,4364501.0,Africa,68.755,9640.138501000001
909,Libya,1997,4759670.0,Africa,71.555,9467.446056
910,Libya,2002,5368585.0,Africa,72.737,9534.677467
911,Libya,2007,6036914.0,Africa,73.952,12057.49928
912,Madagascar,1952,4762912.0,Africa,36.681,1443.011715
913,Madagascar,1957,5181679.0,Africa,38.865,1589.20275
914,Madagascar,1962,5703324.0,Africa,40.848,1643.38711
915,Madagascar,1967,6334556.0,Africa,42.881,1634.047282
916,Madagascar,1972,7082430.0,Africa,44.851000000000006,1748.562982
917,Madagascar,1977,8007166.0,Africa,46.881,1544.228586
918,Madagascar,1982,9171477.0,Africa,48.968999999999994,1302.878658
919,Madagascar,1987,10568642.0,Africa,49.35,1155.4419480000001
920,Madagascar,1992,12210395.0,Africa,52.214,1040.6761900000001
921,Madagascar,1997,14165114.0,Africa,54.978,986.2958956
922,Madagascar,2002,16473477.0,Africa,57.286,894.6370822
923,Madagascar,2007,19167654.0,Africa,59.443000000000005,1044.770126
924,Malawi,1952,2917802.0,Africa,36.256,369.1650802
925,Malawi,1957,3221238.0,Africa,37.207,416.36980639999996
926,Malawi,1962,3628608.0,Africa,38.41,427.90108560000004
927,Malawi,1967,4147252.0,Africa,39.486999999999995,495.5147806
928,Malawi,1972,4730997.0,Africa,41.766000000000005,584.6219709
929,Malawi,1977,5637246.0,Africa,43.766999999999996,663.2236766
930,Malawi,1982,6502825.0,Africa,45.641999999999996,632.8039209
931,Malawi,1987,7824747.0,Africa,47.457,635.5173633999999
932,Malawi,1992,10014249.0,Africa,49.42,563.2000145
933,Malawi,1997,10419991.0,Africa,47.495,692.2758102999999
934,Malawi,2002,11824495.0,Africa,45.00899999999999,665.4231186000001
935,Malawi,2007,13327079.0,Africa,48.303000000000004,759.3499101
936,Malaysia,1952,6748378.0,Asia,48.463,1831.132894
937,Malaysia,1957,7739235.0,Asia,52.102,1810.0669920000003
938,Malaysia,1962,8906385.0,Asia,55.736999999999995,2036.8849440000001
939,Malaysia,1967,10154878.0,Asia,59.371,2277.742396
940,Malaysia,1972,11441462.0,Asia,63.01,2849.09478
941,Malaysia,1977,12845381.0,Asia,65.256,3827.9215710000003
942,Malaysia,1982,14441916.0,Asia,68.0,4920.355951
943,Malaysia,1987,16331785.0,Asia,69.5,5249.802653
944,Malaysia,1992,18319502.0,Asia,70.693,7277.912802
945,Malaysia,1997,20476091.0,Asia,71.938,10132.90964
946,Malaysia,2002,22662365.0,Asia,73.044,10206.97794
947,Malaysia,2007,24821286.0,Asia,74.241,12451.6558
948,Mali,1952,3838168.0,Africa,33.685,452.3369807
949,Mali,1957,4241884.0,Africa,35.306999999999995,490.3821867
950,Mali,1962,4690372.0,Africa,36.936,496.17434280000003
951,Mali,1967,5212416.0,Africa,38.486999999999995,545.0098873
952,Mali,1972,5828158.0,Africa,39.977,581.3688761
953,Mali,1977,6491649.0,Africa,41.714,686.3952693
954,Mali,1982,6998256.0,Africa,43.916000000000004,618.0140640999999
955,Mali,1987,7634008.0,Africa,46.364,684.1715576
956,Mali,1992,8416215.0,Africa,48.388000000000005,739.014375
957,Mali,1997,9384984.0,Africa,49.903,790.2579846
958,Mali,2002,10580176.0,Africa,51.818000000000005,951.4097517999999
959,Mali,2007,12031795.0,Africa,54.467,1042.581557
960,Mauritania,1952,1022556.0,Africa,40.543,743.1159097
961,Mauritania,1957,1076852.0,Africa,42.338,846.1202613
962,Mauritania,1962,1146757.0,Africa,44.248000000000005,1055.8960359999999
963,Mauritania,1967,1230542.0,Africa,46.288999999999994,1421.145193
964,Mauritania,1972,1332786.0,Africa,48.437,1586.851781
965,Mauritania,1977,1456688.0,Africa,50.852,1497.492223
966,Mauritania,1982,1622136.0,Africa,53.599,1481.150189
967,Mauritania,1987,1841240.0,Africa,56.145,1421.603576
968,Mauritania,1992,2119465.0,Africa,58.333,1361.369784
969,Mauritania,1997,2444741.0,Africa,60.43,1483.1361359999999
970,Mauritania,2002,2828858.0,Africa,62.247,1579.0195429999999
971,Mauritania,2007,3270065.0,Africa,64.164,1803.1514960000002
972,Mauritius,1952,516556.0,Africa,50.986000000000004,1967.955707
973,Mauritius,1957,609816.0,Africa,58.089,2034.037981
974,Mauritius,1962,701016.0,Africa,60.246,2529.0674870000003
975,Mauritius,1967,789309.0,Africa,61.556999999999995,2475.387562
976,Mauritius,1972,851334.0,Africa,62.943999999999996,2575.4841579999998
977,Mauritius,1977,913025.0,Africa,64.93,3710.9829630000004
978,Mauritius,1982,992040.0,Africa,66.711,3688.037739
979,Mauritius,1987,1042663.0,Africa,68.74,4783.586903
980,Mauritius,1992,1096202.0,Africa,69.745,6058.2538460000005
981,Mauritius,1997,1149818.0,Africa,70.736,7425.705295000001
982,Mauritius,2002,1200206.0,Africa,71.954,9021.815894
983,Mauritius,2007,1250882.0,Africa,72.801,10956.99112
984,Mexico,1952,30144317.0,Americas,50.788999999999994,3478.125529
985,Mexico,1957,35015548.0,Americas,55.19,4131.546641
986,Mexico,1962,41121485.0,Americas,58.299,4581.609385
987,Mexico,1967,47995559.0,Americas,60.11,5754.733883
988,Mexico,1972,55984294.0,Americas,62.361000000000004,6809.406690000001
989,Mexico,1977,63759976.0,Americas,65.032,7674.929108
990,Mexico,1982,71640904.0,Americas,67.405,9611.147541
991,Mexico,1987,80122492.0,Americas,69.498,8688.156003
992,Mexico,1992,88111030.0,Americas,71.455,9472.384295
993,Mexico,1997,95895146.0,Americas,73.67,9767.29753
994,Mexico,2002,102479927.0,Americas,74.902,10742.44053
995,Mexico,2007,108700891.0,Americas,76.195,11977.57496
996,Mongolia,1952,800663.0,Asia,42.244,786.5668575
997,Mongolia,1957,882134.0,Asia,45.248000000000005,912.6626085
998,Mongolia,1962,1010280.0,Asia,48.251000000000005,1056.353958
999,Mongolia,1967,1149500.0,Asia,51.253,1226.04113
1000,Mongolia,1972,1320500.0,Asia,53.754,1421.741975
1001,Mongolia,1977,1528000.0,Asia,55.49100000000001,1647.511665
1002,Mongolia,1982,1756032.0,Asia,57.489,2000.603139
1003,Mongolia,1987,2015133.0,Asia,60.222,2338.008304
1004,Mongolia,1992,2312802.0,Asia,61.271,1785.402016
1005,Mongolia,1997,2494803.0,Asia,63.625,1902.2521
1006,Mongolia,2002,2674234.0,Asia,65.033,2140.7393230000002
1007,Mongolia,2007,2874127.0,Asia,66.803,3095.7722710000003
1008,Montenegro,1952,413834.0,Europe,59.163999999999994,2647.585601
1009,Montenegro,1957,442829.0,Europe,61.448,3682.259903
1010,Montenegro,1962,474528.0,Europe,63.728,4649.593785
1011,Montenegro,1967,501035.0,Europe,67.178,5907.850937
1012,Montenegro,1972,527678.0,Europe,70.63600000000001,7778.414017
1013,Montenegro,1977,560073.0,Europe,73.066,9595.929904999999
1014,Montenegro,1982,562548.0,Europe,74.101,11222.58762
1015,Montenegro,1987,569473.0,Europe,74.865,11732.51017
1016,Montenegro,1992,621621.0,Europe,75.435,7003.339037000001
1017,Montenegro,1997,692651.0,Europe,75.445,6465.613349
1018,Montenegro,2002,720230.0,Europe,73.98100000000001,6557.194282
1019,Montenegro,2007,684736.0,Europe,74.543,9253.896111
1020,Morocco,1952,9939217.0,Africa,42.873000000000005,1688.20357
1021,Morocco,1957,11406350.0,Africa,45.423,1642.002314
1022,Morocco,1962,13056604.0,Africa,47.924,1566.353493
1023,Morocco,1967,14770296.0,Africa,50.335,1711.04477
1024,Morocco,1972,16660670.0,Africa,52.861999999999995,1930.194975
1025,Morocco,1977,18396941.0,Africa,55.73,2370.619976
1026,Morocco,1982,20198730.0,Africa,59.65,2702.620356
1027,Morocco,1987,22987397.0,Africa,62.677,2755.046991
1028,Morocco,1992,25798239.0,Africa,65.393,2948.047252
1029,Morocco,1997,28529501.0,Africa,67.66,2982.101858
1030,Morocco,2002,31167783.0,Africa,69.615,3258.495584
1031,Morocco,2007,33757175.0,Africa,71.164,3820.17523
1032,Mozambique,1952,6446316.0,Africa,31.285999999999998,468.5260381
1033,Mozambique,1957,7038035.0,Africa,33.779,495.5868333000001
1034,Mozambique,1962,7788944.0,Africa,36.161,556.6863539
1035,Mozambique,1967,8680909.0,Africa,38.113,566.6691539
1036,Mozambique,1972,9809596.0,Africa,40.328,724.9178037
1037,Mozambique,1977,11127868.0,Africa,42.495,502.31973339999996
1038,Mozambique,1982,12587223.0,Africa,42.795,462.2114149
1039,Mozambique,1987,12891952.0,Africa,42.861000000000004,389.87618460000004
1040,Mozambique,1992,13160731.0,Africa,44.284,410.89682389999996
1041,Mozambique,1997,16603334.0,Africa,46.343999999999994,472.34607710000006
1042,Mozambique,2002,18473780.0,Africa,44.026,633.6179466
1043,Mozambique,2007,19951656.0,Africa,42.082,823.6856205
1044,Myanmar,1952,20092996.0,Asia,36.319,331.0
1045,Myanmar,1957,21731844.0,Asia,41.905,350.0
1046,Myanmar,1962,23634436.0,Asia,45.108000000000004,388.0
1047,Myanmar,1967,25870271.0,Asia,49.379,349.0
1048,Myanmar,1972,28466390.0,Asia,53.07,357.0
1049,Myanmar,1977,31528087.0,Asia,56.059,371.0
1050,Myanmar,1982,34680442.0,Asia,58.056000000000004,424.0
1051,Myanmar,1987,38028578.0,Asia,58.339,385.0
1052,Myanmar,1992,40546538.0,Asia,59.32,347.0
1053,Myanmar,1997,43247867.0,Asia,60.328,415.0
1054,Myanmar,2002,45598081.0,Asia,59.908,611.0
1055,Myanmar,2007,47761980.0,Asia,62.068999999999996,944.0
1056,Namibia,1952,485831.0,Africa,41.725,2423.780443
1057,Namibia,1957,548080.0,Africa,45.226000000000006,2621.448058
1058,Namibia,1962,621392.0,Africa,48.386,3173.215595
1059,Namibia,1967,706640.0,Africa,51.159,3793.694753
1060,Namibia,1972,821782.0,Africa,53.867,3746.080948
1061,Namibia,1977,977026.0,Africa,56.437,3876.4859579999998
1062,Namibia,1982,1099010.0,Africa,58.968,4191.100511
1063,Namibia,1987,1278184.0,Africa,60.835,3693.7313369999997
1064,Namibia,1992,1554253.0,Africa,61.998999999999995,3804.537999
1065,Namibia,1997,1774766.0,Africa,58.909,3899.52426
1066,Namibia,2002,1972153.0,Africa,51.479,4072.3247509999997
1067,Namibia,2007,2055080.0,Africa,52.906000000000006,4811.060429
1068,Nepal,1952,9182536.0,Asia,36.157,545.8657228999999
1069,Nepal,1957,9682338.0,Asia,37.686,597.9363557999999
1070,Nepal,1962,10332057.0,Asia,39.393,652.3968593
1071,Nepal,1967,11261690.0,Asia,41.472,676.4422254
1072,Nepal,1972,12412593.0,Asia,43.971000000000004,674.7881296
1073,Nepal,1977,13933198.0,Asia,46.748000000000005,694.1124398
1074,Nepal,1982,15796314.0,Asia,49.593999999999994,718.3730947
1075,Nepal,1987,17917180.0,Asia,52.537,775.6324501
1076,Nepal,1992,20326209.0,Asia,55.727,897.7403604
1077,Nepal,1997,23001113.0,Asia,59.426,1010.892138
1078,Nepal,2002,25873917.0,Asia,61.34,1057.206311
1079,Nepal,2007,28901790.0,Asia,63.785,1091.359778
1080,Netherlands,1952,10381988.0,Europe,72.13,8941.571858
1081,Netherlands,1957,11026383.0,Europe,72.99,11276.193440000001
1082,Netherlands,1962,11805689.0,Europe,73.23,12790.849559999999
1083,Netherlands,1967,12596822.0,Europe,73.82,15363.25136
1084,Netherlands,1972,13329874.0,Europe,73.75,18794.74567
1085,Netherlands,1977,13852989.0,Europe,75.24,21209.0592
1086,Netherlands,1982,14310401.0,Europe,76.05,21399.46046
1087,Netherlands,1987,14665278.0,Europe,76.83,23651.32361
1088,Netherlands,1992,15174244.0,Europe,77.42,26790.94961
1089,Netherlands,1997,15604464.0,Europe,78.03,30246.13063
1090,Netherlands,2002,16122830.0,Europe,78.53,33724.75778
1091,Netherlands,2007,16570613.0,Europe,79.762,36797.93332
1092,New Zealand,1952,1994794.0,Oceania,69.39,10556.575659999999
1093,New Zealand,1957,2229407.0,Oceania,70.26,12247.39532
1094,New Zealand,1962,2488550.0,Oceania,71.24,13175.678
1095,New Zealand,1967,2728150.0,Oceania,71.52,14463.918930000002
1096,New Zealand,1972,2929100.0,Oceania,71.89,16046.03728
1097,New Zealand,1977,3164900.0,Oceania,72.22,16233.7177
1098,New Zealand,1982,3210650.0,Oceania,73.84,17632.4104
1099,New Zealand,1987,3317166.0,Oceania,74.32,19007.19129
1100,New Zealand,1992,3437674.0,Oceania,76.33,18363.324940000002
1101,New Zealand,1997,3676187.0,Oceania,77.55,21050.41377
1102,New Zealand,2002,3908037.0,Oceania,79.11,23189.80135
1103,New Zealand,2007,4115771.0,Oceania,80.204,25185.00911
1104,Nicaragua,1952,1165790.0,Americas,42.31399999999999,3112.363948
1105,Nicaragua,1957,1358828.0,Americas,45.431999999999995,3457.415947
1106,Nicaragua,1962,1590597.0,Americas,48.632,3634.364406
1107,Nicaragua,1967,1865490.0,Americas,51.88399999999999,4643.393534000001
1108,Nicaragua,1972,2182908.0,Americas,55.151,4688.593267
1109,Nicaragua,1977,2554598.0,Americas,57.47,5486.371089
1110,Nicaragua,1982,2979423.0,Americas,59.298,3470.3381560000003
1111,Nicaragua,1987,3344353.0,Americas,62.008,2955.984375
1112,Nicaragua,1992,4017939.0,Americas,65.843,2170.151724
1113,Nicaragua,1997,4609572.0,Americas,68.426,2253.023004
1114,Nicaragua,2002,5146848.0,Americas,70.836,2474.548819
1115,Nicaragua,2007,5675356.0,Americas,72.899,2749.320965
1116,Niger,1952,3379468.0,Africa,37.444,761.879376
1117,Niger,1957,3692184.0,Africa,38.598,835.5234025000001
1118,Niger,1962,4076008.0,Africa,39.486999999999995,997.7661127
1119,Niger,1967,4534062.0,Africa,40.118,1054.384891
1120,Niger,1972,5060262.0,Africa,40.546,954.2092363
1121,Niger,1977,5682086.0,Africa,41.291000000000004,808.8970727999999
1122,Niger,1982,6437188.0,Africa,42.598,909.7221354000001
1123,Niger,1987,7332638.0,Africa,44.555,668.3000228
1124,Niger,1992,8392818.0,Africa,47.391000000000005,581.182725
1125,Niger,1997,9666252.0,Africa,51.313,580.3052092
1126,Niger,2002,11140655.0,Africa,54.496,601.0745012
1127,Niger,2007,12894865.0,Africa,56.867,619.6768923999999
1128,Nigeria,1952,33119096.0,Africa,36.324,1077.281856
1129,Nigeria,1957,37173340.0,Africa,37.802,1100.5925630000002
1130,Nigeria,1962,41871351.0,Africa,39.36,1150.9274779999998
1131,Nigeria,1967,47287752.0,Africa,41.04,1014.5141039999999
1132,Nigeria,1972,53740085.0,Africa,42.821000000000005,1698.3888379999999
1133,Nigeria,1977,62209173.0,Africa,44.513999999999996,1981.9518059999998
1134,Nigeria,1982,73039376.0,Africa,45.826,1576.97375
1135,Nigeria,1987,81551520.0,Africa,46.886,1385.029563
1136,Nigeria,1992,93364244.0,Africa,47.472,1619.848217
1137,Nigeria,1997,106207839.0,Africa,47.464,1624.941275
1138,Nigeria,2002,119901274.0,Africa,46.608000000000004,1615.2863949999999
1139,Nigeria,2007,135031164.0,Africa,46.858999999999995,2013.9773050000001
1140,Norway,1952,3327728.0,Europe,72.67,10095.42172
1141,Norway,1957,3491938.0,Europe,73.44,11653.97304
1142,Norway,1962,3638919.0,Europe,73.47,13450.40151
1143,Norway,1967,3786019.0,Europe,74.08,16361.87647
1144,Norway,1972,3933004.0,Europe,74.34,18965.05551
1145,Norway,1977,4043205.0,Europe,75.37,23311.34939
1146,Norway,1982,4114787.0,Europe,75.97,26298.635309999998
1147,Norway,1987,4186147.0,Europe,75.89,31540.9748
1148,Norway,1992,4286357.0,Europe,77.32,33965.66115
1149,Norway,1997,4405672.0,Europe,78.32,41283.16433
1150,Norway,2002,4535591.0,Europe,79.05,44683.97525
1151,Norway,2007,4627926.0,Europe,80.196,49357.19017
1152,Oman,1952,507833.0,Asia,37.578,1828.230307
1153,Oman,1957,561977.0,Asia,40.08,2242.746551
1154,Oman,1962,628164.0,Asia,43.165,2924.638113
1155,Oman,1967,714775.0,Asia,46.988,4720.942687
1156,Oman,1972,829050.0,Asia,52.143,10618.03855
1157,Oman,1977,1004533.0,Asia,57.367,11848.343920000001
1158,Oman,1982,1301048.0,Asia,62.728,12954.791009999999
1159,Oman,1987,1593882.0,Asia,67.734,18115.223130000002
1160,Oman,1992,1915208.0,Asia,71.197,18616.70691
1161,Oman,1997,2283635.0,Asia,72.499,19702.055809999998
1162,Oman,2002,2713462.0,Asia,74.193,19774.83687
1163,Oman,2007,3204897.0,Asia,75.64,22316.19287
1164,Pakistan,1952,41346560.0,Asia,43.43600000000001,684.5971437999999
1165,Pakistan,1957,46679944.0,Asia,45.556999999999995,747.0835292
1166,Pakistan,1962,53100671.0,Asia,47.67,803.3427418
1167,Pakistan,1967,60641899.0,Asia,49.8,942.4082588
1168,Pakistan,1972,69325921.0,Asia,51.928999999999995,1049.938981
1169,Pakistan,1977,78152686.0,Asia,54.043,1175.921193
1170,Pakistan,1982,91462088.0,Asia,56.158,1443.429832
1171,Pakistan,1987,105186881.0,Asia,58.245,1704.686583
1172,Pakistan,1992,120065004.0,Asia,60.838,1971.8294640000001
1173,Pakistan,1997,135564834.0,Asia,61.818000000000005,2049.3505210000003
1174,Pakistan,2002,153403524.0,Asia,63.61,2092.712441
1175,Pakistan,2007,169270617.0,Asia,65.483,2605.94758
1176,Panama,1952,940080.0,Americas,55.191,2480.380334
1177,Panama,1957,1063506.0,Americas,59.201,2961.800905
1178,Panama,1962,1215725.0,Americas,61.817,3536.540301
1179,Panama,1967,1405486.0,Americas,64.071,4421.009084
1180,Panama,1972,1616384.0,Americas,66.21600000000001,5364.2496630000005
1181,Panama,1977,1839782.0,Americas,68.681,5351.912144
1182,Panama,1982,2036305.0,Americas,70.472,7009.601598
1183,Panama,1987,2253639.0,Americas,71.523,7034.779161
1184,Panama,1992,2484997.0,Americas,72.462,6618.74305
1185,Panama,1997,2734531.0,Americas,73.738,7113.692252
1186,Panama,2002,2990875.0,Americas,74.712,7356.031934000001
1187,Panama,2007,3242173.0,Americas,75.53699999999999,9809.185636
1188,Paraguay,1952,1555876.0,Americas,62.648999999999994,1952.3087010000002
1189,Paraguay,1957,1770902.0,Americas,63.196000000000005,2046.1547059999998
1190,Paraguay,1962,2009813.0,Americas,64.361,2148.027146
1191,Paraguay,1967,2287985.0,Americas,64.95100000000001,2299.376311
1192,Paraguay,1972,2614104.0,Americas,65.815,2523.337977
1193,Paraguay,1977,2984494.0,Americas,66.35300000000001,3248.373311
1194,Paraguay,1982,3366439.0,Americas,66.874,4258.5036039999995
1195,Paraguay,1987,3886512.0,Americas,67.378,3998.875695
1196,Paraguay,1992,4483945.0,Americas,68.225,4196.411078
1197,Paraguay,1997,5154123.0,Americas,69.4,4247.400261
1198,Paraguay,2002,5884491.0,Americas,70.755,3783.674243
1199,Paraguay,2007,6667147.0,Americas,71.752,4172.838464
1200,Peru,1952,8025700.0,Americas,43.902,3758.523437
1201,Peru,1957,9146100.0,Americas,46.263000000000005,4245.256697999999
1202,Peru,1962,10516500.0,Americas,49.096000000000004,4957.037982
1203,Peru,1967,12132200.0,Americas,51.445,5788.09333
1204,Peru,1972,13954700.0,Americas,55.448,5937.827283
1205,Peru,1977,15990099.0,Americas,58.446999999999996,6281.290854999999
1206,Peru,1982,18125129.0,Americas,61.406000000000006,6434.501797
1207,Peru,1987,20195924.0,Americas,64.134,6360.9434439999995
1208,Peru,1992,22430449.0,Americas,66.458,4446.380924
1209,Peru,1997,24748122.0,Americas,68.38600000000001,5838.347657
1210,Peru,2002,26769436.0,Americas,69.906,5909.020073
1211,Peru,2007,28674757.0,Americas,71.421,7408.905561
1212,Philippines,1952,22438691.0,Asia,47.751999999999995,1272.880995
1213,Philippines,1957,26072194.0,Asia,51.333999999999996,1547.9448439999999
1214,Philippines,1962,30325264.0,Asia,54.757,1649.5521529999999
1215,Philippines,1967,35356600.0,Asia,56.393,1814.12743
1216,Philippines,1972,40850141.0,Asia,58.065,1989.3740699999998
1217,Philippines,1977,46850962.0,Asia,60.06,2373.204287
1218,Philippines,1982,53456774.0,Asia,62.082,2603.273765
1219,Philippines,1987,60017788.0,Asia,64.15100000000001,2189.634995
1220,Philippines,1992,67185766.0,Asia,66.458,2279.3240170000004
1221,Philippines,1997,75012988.0,Asia,68.564,2536.534925
1222,Philippines,2002,82995088.0,Asia,70.303,2650.921068
1223,Philippines,2007,91077287.0,Asia,71.688,3190.481016
1224,Poland,1952,25730551.0,Europe,61.31,4029.3296990000003
1225,Poland,1957,28235346.0,Europe,65.77,4734.253019
1226,Poland,1962,30329617.0,Europe,67.64,5338.752143
1227,Poland,1967,31785378.0,Europe,69.61,6557.152776
1228,Poland,1972,33039545.0,Europe,70.85,8006.506993000001
1229,Poland,1977,34621254.0,Europe,70.67,9508.141454
1230,Poland,1982,36227381.0,Europe,71.32,8451.531004
1231,Poland,1987,37740710.0,Europe,70.98,9082.351172
1232,Poland,1992,38370697.0,Europe,70.99,7738.881247
1233,Poland,1997,38654957.0,Europe,72.75,10159.58368
1234,Poland,2002,38625976.0,Europe,74.67,12002.23908
1235,Poland,2007,38518241.0,Europe,75.563,15389.924680000002
1236,Portugal,1952,8526050.0,Europe,59.82,3068.319867
1237,Portugal,1957,8817650.0,Europe,61.51,3774.571743
1238,Portugal,1962,9019800.0,Europe,64.39,4727.954889
1239,Portugal,1967,9103000.0,Europe,66.6,6361.517993
1240,Portugal,1972,8970450.0,Europe,69.26,9022.247417
1241,Portugal,1977,9662600.0,Europe,70.41,10172.48572
1242,Portugal,1982,9859650.0,Europe,72.77,11753.84291
1243,Portugal,1987,9915289.0,Europe,74.06,13039.30876
1244,Portugal,1992,9927680.0,Europe,74.86,16207.266630000002
1245,Portugal,1997,10156415.0,Europe,75.97,17641.03156
1246,Portugal,2002,10433867.0,Europe,77.29,19970.90787
1247,Portugal,2007,10642836.0,Europe,78.098,20509.64777
1248,Puerto Rico,1952,2227000.0,Americas,64.28,3081.959785
1249,Puerto Rico,1957,2260000.0,Americas,68.54,3907.1561890000003
1250,Puerto Rico,1962,2448046.0,Americas,69.62,5108.34463
1251,Puerto Rico,1967,2648961.0,Americas,71.1,6929.277714
1252,Puerto Rico,1972,2847132.0,Americas,72.16,9123.041742
1253,Puerto Rico,1977,3080828.0,Americas,73.44,9770.524921
1254,Puerto Rico,1982,3279001.0,Americas,73.75,10330.98915
1255,Puerto Rico,1987,3444468.0,Americas,74.63,12281.34191
1256,Puerto Rico,1992,3585176.0,Americas,73.911,14641.587109999999
1257,Puerto Rico,1997,3759430.0,Americas,74.917,16999.4333
1258,Puerto Rico,2002,3859606.0,Americas,77.778,18855.606180000002
1259,Puerto Rico,2007,3942491.0,Americas,78.74600000000001,19328.70901
1260,Reunion,1952,257700.0,Africa,52.724,2718.885295
1261,Reunion,1957,308700.0,Africa,55.09,2769.451844
1262,Reunion,1962,358900.0,Africa,57.666000000000004,3173.72334
1263,Reunion,1967,414024.0,Africa,60.542,4021.1757390000002
1264,Reunion,1972,461633.0,Africa,64.274,5047.658563
1265,Reunion,1977,492095.0,Africa,67.064,4319.804067
1266,Reunion,1982,517810.0,Africa,69.885,5267.219353
1267,Reunion,1987,562035.0,Africa,71.913,5303.377488
1268,Reunion,1992,622191.0,Africa,73.615,6101.2558229999995
1269,Reunion,1997,684810.0,Africa,74.77199999999999,6071.941411
1270,Reunion,2002,743981.0,Africa,75.744,6316.1652
1271,Reunion,2007,798094.0,Africa,76.442,7670.122558
1272,Romania,1952,16630000.0,Europe,61.05,3144.613186
1273,Romania,1957,17829327.0,Europe,64.1,3943.370225
1274,Romania,1962,18680721.0,Europe,66.8,4734.9975859999995
1275,Romania,1967,19284814.0,Europe,66.8,6470.866545
1276,Romania,1972,20662648.0,Europe,69.21,8011.414401999999
1277,Romania,1977,21658597.0,Europe,69.46,9356.39724
1278,Romania,1982,22356726.0,Europe,69.66,9605.314053
1279,Romania,1987,22686371.0,Europe,69.53,9696.273295
1280,Romania,1992,22797027.0,Europe,69.36,6598.409903
1281,Romania,1997,22562458.0,Europe,69.72,7346.547556999999
1282,Romania,2002,22404337.0,Europe,71.322,7885.360081
1283,Romania,2007,22276056.0,Europe,72.476,10808.47561
1284,Rwanda,1952,2534927.0,Africa,40.0,493.32387520000003
1285,Rwanda,1957,2822082.0,Africa,41.5,540.2893982999999
1286,Rwanda,1962,3051242.0,Africa,43.0,597.4730727000001
1287,Rwanda,1967,3451079.0,Africa,44.1,510.9637142
1288,Rwanda,1972,3992121.0,Africa,44.6,590.5806637999999
1289,Rwanda,1977,4657072.0,Africa,45.0,670.0806011
1290,Rwanda,1982,5507565.0,Africa,46.218,881.5706467
1291,Rwanda,1987,6349365.0,Africa,44.02,847.991217
1292,Rwanda,1992,7290203.0,Africa,23.599,737.0685949
1293,Rwanda,1997,7212583.0,Africa,36.086999999999996,589.9445051
1294,Rwanda,2002,7852401.0,Africa,43.413000000000004,785.6537647999999
1295,Rwanda,2007,8860588.0,Africa,46.242,863.0884639000001
1296,Sao Tome and Principe,1952,60011.0,Africa,46.471000000000004,879.5835855
1297,Sao Tome and Principe,1957,61325.0,Africa,48.945,860.7369026
1298,Sao Tome and Principe,1962,65345.0,Africa,51.893,1071.551119
1299,Sao Tome and Principe,1967,70787.0,Africa,54.425,1384.840593
1300,Sao Tome and Principe,1972,76595.0,Africa,56.48,1532.985254
1301,Sao Tome and Principe,1977,86796.0,Africa,58.55,1737.561657
1302,Sao Tome and Principe,1982,98593.0,Africa,60.351000000000006,1890.2181170000001
1303,Sao Tome and Principe,1987,110812.0,Africa,61.728,1516.525457
1304,Sao Tome and Principe,1992,125911.0,Africa,62.742,1428.777814
1305,Sao Tome and Principe,1997,145608.0,Africa,63.306000000000004,1339.076036
1306,Sao Tome and Principe,2002,170372.0,Africa,64.337,1353.09239
1307,Sao Tome and Principe,2007,199579.0,Africa,65.528,1598.435089
1308,Saudi Arabia,1952,4005677.0,Asia,39.875,6459.5548229999995
1309,Saudi Arabia,1957,4419650.0,Asia,42.868,8157.591248000001
1310,Saudi Arabia,1962,4943029.0,Asia,45.913999999999994,11626.41975
1311,Saudi Arabia,1967,5618198.0,Asia,49.901,16903.04886
1312,Saudi Arabia,1972,6472756.0,Asia,53.886,24837.42865
1313,Saudi Arabia,1977,8128505.0,Asia,58.69,34167.7626
1314,Saudi Arabia,1982,11254672.0,Asia,63.012,33693.17525
1315,Saudi Arabia,1987,14619745.0,Asia,66.295,21198.26136
1316,Saudi Arabia,1992,16945857.0,Asia,68.768,24841.617769999997
1317,Saudi Arabia,1997,21229759.0,Asia,70.533,20586.69019
1318,Saudi Arabia,2002,24501530.0,Asia,71.626,19014.54118
1319,Saudi Arabia,2007,27601038.0,Asia,72.777,21654.83194
1320,Senegal,1952,2755589.0,Africa,37.278,1450.356983
1321,Senegal,1957,3054547.0,Africa,39.329,1567.653006
1322,Senegal,1962,3430243.0,Africa,41.45399999999999,1654.988723
1323,Senegal,1967,3965841.0,Africa,43.563,1612.404632
1324,Senegal,1972,4588696.0,Africa,45.815,1597.712056
1325,Senegal,1977,5260855.0,Africa,48.879,1561.769116
1326,Senegal,1982,6147783.0,Africa,52.379,1518.479984
1327,Senegal,1987,7171347.0,Africa,55.769,1441.72072
1328,Senegal,1992,8307920.0,Africa,58.196000000000005,1367.899369
1329,Senegal,1997,9535314.0,Africa,60.187,1392.368347
1330,Senegal,2002,10870037.0,Africa,61.6,1519.635262
1331,Senegal,2007,12267493.0,Africa,63.062,1712.4721359999999
1332,Serbia,1952,6860147.0,Europe,57.996,3581.4594479999996
1333,Serbia,1957,7271135.0,Europe,61.685,4981.090891
1334,Serbia,1962,7616060.0,Europe,64.531,6289.629157
1335,Serbia,1967,7971222.0,Europe,66.914,7991.707066
1336,Serbia,1972,8313288.0,Europe,68.7,10522.067490000001
1337,Serbia,1977,8686367.0,Europe,70.3,12980.66956
1338,Serbia,1982,9032824.0,Europe,70.16199999999999,15181.0927
1339,Serbia,1987,9230783.0,Europe,71.218,15870.878509999999
1340,Serbia,1992,9826397.0,Europe,71.65899999999999,9325.068238
1341,Serbia,1997,10336594.0,Europe,72.232,7914.320304000001
1342,Serbia,2002,10111559.0,Europe,73.21300000000001,7236.075251
1343,Serbia,2007,10150265.0,Europe,74.002,9786.534714
1344,Sierra Leone,1952,2143249.0,Africa,30.331,879.7877358
1345,Sierra Leone,1957,2295678.0,Africa,31.57,1004.484437
1346,Sierra Leone,1962,2467895.0,Africa,32.766999999999996,1116.6398769999998
1347,Sierra Leone,1967,2662190.0,Africa,34.113,1206.043465
1348,Sierra Leone,1972,2879013.0,Africa,35.4,1353.759762
1349,Sierra Leone,1977,3140897.0,Africa,36.788000000000004,1348.285159
1350,Sierra Leone,1982,3464522.0,Africa,38.445,1465.010784
1351,Sierra Leone,1987,3868905.0,Africa,40.006,1294.4477880000002
1352,Sierra Leone,1992,4260884.0,Africa,38.333,1068.696278
1353,Sierra Leone,1997,4578212.0,Africa,39.897,574.6481576
1354,Sierra Leone,2002,5359092.0,Africa,41.012,699.4897129999999
1355,Sierra Leone,2007,6144562.0,Africa,42.568000000000005,862.5407561000001
1356,Singapore,1952,1127000.0,Asia,60.396,2315.138227
1357,Singapore,1957,1445929.0,Asia,63.178999999999995,2843.104409
1358,Singapore,1962,1750200.0,Asia,65.798,3674.735572
1359,Singapore,1967,1977600.0,Asia,67.946,4977.41854
1360,Singapore,1972,2152400.0,Asia,69.521,8597.756202
1361,Singapore,1977,2325300.0,Asia,70.795,11210.08948
1362,Singapore,1982,2651869.0,Asia,71.76,15169.161119999999
1363,Singapore,1987,2794552.0,Asia,73.56,18861.53081
1364,Singapore,1992,3235865.0,Asia,75.788,24769.8912
1365,Singapore,1997,3802309.0,Asia,77.158,33519.4766
1366,Singapore,2002,4197776.0,Asia,78.77,36023.1054
1367,Singapore,2007,4553009.0,Asia,79.972,47143.179639999995
1368,Slovak Republic,1952,3558137.0,Europe,64.36,5074.659104
1369,Slovak Republic,1957,3844277.0,Europe,67.45,6093.2629799999995
1370,Slovak Republic,1962,4237384.0,Europe,70.33,7481.1075980000005
1371,Slovak Republic,1967,4442238.0,Europe,70.98,8412.902397
1372,Slovak Republic,1972,4593433.0,Europe,70.35,9674.167626
1373,Slovak Republic,1977,4827803.0,Europe,70.45,10922.664040000001
1374,Slovak Republic,1982,5048043.0,Europe,70.8,11348.54585
1375,Slovak Republic,1987,5199318.0,Europe,71.08,12037.26758
1376,Slovak Republic,1992,5302888.0,Europe,71.38,9498.467723
1377,Slovak Republic,1997,5383010.0,Europe,72.71,12126.23065
1378,Slovak Republic,2002,5410052.0,Europe,73.8,13638.778369999998
1379,Slovak Republic,2007,5447502.0,Europe,74.663,18678.31435
1380,Slovenia,1952,1489518.0,Europe,65.57,4215.041741
1381,Slovenia,1957,1533070.0,Europe,67.85,5862.276629
1382,Slovenia,1962,1582962.0,Europe,69.15,7402.303395
1383,Slovenia,1967,1646912.0,Europe,69.18,9405.489397
1384,Slovenia,1972,1694510.0,Europe,69.82,12383.4862
1385,Slovenia,1977,1746919.0,Europe,70.97,15277.030169999998
1386,Slovenia,1982,1861252.0,Europe,71.063,17866.72175
1387,Slovenia,1987,1945870.0,Europe,72.25,18678.53492
1388,Slovenia,1992,1999210.0,Europe,73.64,14214.71681
1389,Slovenia,1997,2011612.0,Europe,75.13,17161.10735
1390,Slovenia,2002,2011497.0,Europe,76.66,20660.01936
1391,Slovenia,2007,2009245.0,Europe,77.926,25768.25759
1392,Somalia,1952,2526994.0,Africa,32.978,1135.749842
1393,Somalia,1957,2780415.0,Africa,34.977,1258.1474130000001
1394,Somalia,1962,3080153.0,Africa,36.981,1369.488336
1395,Somalia,1967,3428839.0,Africa,38.977,1284.7331800000002
1396,Somalia,1972,3840161.0,Africa,40.973,1254.576127
1397,Somalia,1977,4353666.0,Africa,41.974,1450.9925130000001
1398,Somalia,1982,5828892.0,Africa,42.955,1176.807031
1399,Somalia,1987,6921858.0,Africa,44.501000000000005,1093.244963
1400,Somalia,1992,6099799.0,Africa,39.658,926.9602964
1401,Somalia,1997,6633514.0,Africa,43.795,930.5964284
1402,Somalia,2002,7753310.0,Africa,45.93600000000001,882.0818218000001
1403,Somalia,2007,9118773.0,Africa,48.159,926.1410683
1404,South Africa,1952,14264935.0,Africa,45.00899999999999,4725.295531000001
1405,South Africa,1957,16151549.0,Africa,47.985,5487.104219
1406,South Africa,1962,18356657.0,Africa,49.951,5768.729717
1407,South Africa,1967,20997321.0,Africa,51.927,7114.477970999999
1408,South Africa,1972,23935810.0,Africa,53.696000000000005,7765.962636
1409,South Africa,1977,27129932.0,Africa,55.527,8028.651439
1410,South Africa,1982,31140029.0,Africa,58.161,8568.266228
1411,South Africa,1987,35933379.0,Africa,60.833999999999996,7825.823398
1412,South Africa,1992,39964159.0,Africa,61.888000000000005,7225.0692579999995
1413,South Africa,1997,42835005.0,Africa,60.236000000000004,7479.188244
1414,South Africa,2002,44433622.0,Africa,53.365,7710.946444
1415,South Africa,2007,43997828.0,Africa,49.339,9269.657808
1416,Spain,1952,28549870.0,Europe,64.94,3834.0347420000003
1417,Spain,1957,29841614.0,Europe,66.66,4564.80241
1418,Spain,1962,31158061.0,Europe,69.69,5693.843879
1419,Spain,1967,32850275.0,Europe,71.44,7993.512294
1420,Spain,1972,34513161.0,Europe,73.06,10638.75131
1421,Spain,1977,36439000.0,Europe,74.39,13236.92117
1422,Spain,1982,37983310.0,Europe,76.3,13926.169969999999
1423,Spain,1987,38880702.0,Europe,76.9,15764.98313
1424,Spain,1992,39549438.0,Europe,77.57,18603.06452
1425,Spain,1997,39855442.0,Europe,78.77,20445.29896
1426,Spain,2002,40152517.0,Europe,79.78,24835.47166
1427,Spain,2007,40448191.0,Europe,80.941,28821.0637
1428,Sri Lanka,1952,7982342.0,Asia,57.593,1083.53203
1429,Sri Lanka,1957,9128546.0,Asia,61.456,1072.546602
1430,Sri Lanka,1962,10421936.0,Asia,62.192,1074.4719599999999
1431,Sri Lanka,1967,11737396.0,Asia,64.266,1135.514326
1432,Sri Lanka,1972,13016733.0,Asia,65.042,1213.39553
1433,Sri Lanka,1977,14116836.0,Asia,65.949,1348.775651
1434,Sri Lanka,1982,15410151.0,Asia,68.757,1648.0797890000001
1435,Sri Lanka,1987,16495304.0,Asia,69.01100000000001,1876.766827
1436,Sri Lanka,1992,17587060.0,Asia,70.37899999999999,2153.7392219999997
1437,Sri Lanka,1997,18698655.0,Asia,70.457,2664.477257
1438,Sri Lanka,2002,19576783.0,Asia,70.815,3015.3788329999998
1439,Sri Lanka,2007,20378239.0,Asia,72.396,3970.0954070000003
1440,Sudan,1952,8504667.0,Africa,38.635,1615.991129
1441,Sudan,1957,9753392.0,Africa,39.624,1770.3370739999998
1442,Sudan,1962,11183227.0,Africa,40.87,1959.593767
1443,Sudan,1967,12716129.0,Africa,42.858000000000004,1687.997641
1444,Sudan,1972,14597019.0,Africa,45.083,1659.652775
1445,Sudan,1977,17104986.0,Africa,47.8,2202.9884230000002
1446,Sudan,1982,20367053.0,Africa,50.338,1895.544073
1447,Sudan,1987,24725960.0,Africa,51.744,1507.819159
1448,Sudan,1992,28227588.0,Africa,53.556000000000004,1492.197043
1449,Sudan,1997,32160729.0,Africa,55.373000000000005,1632.2107640000002
1450,Sudan,2002,37090298.0,Africa,56.369,1993.398314
1451,Sudan,2007,42292929.0,Africa,58.556000000000004,2602.394995
1452,Swaziland,1952,290243.0,Africa,41.407,1148.376626
1453,Swaziland,1957,326741.0,Africa,43.424,1244.708364
1454,Swaziland,1962,370006.0,Africa,44.992,1856.182125
1455,Swaziland,1967,420690.0,Africa,46.633,2613.1016649999997
1456,Swaziland,1972,480105.0,Africa,49.552,3364.836625
1457,Swaziland,1977,551425.0,Africa,52.537,3781.410618
1458,Swaziland,1982,649901.0,Africa,55.56100000000001,3895.384018
1459,Swaziland,1987,779348.0,Africa,57.678000000000004,3984.8398119999997
1460,Swaziland,1992,962344.0,Africa,58.474,3553.0224
1461,Swaziland,1997,1054486.0,Africa,54.288999999999994,3876.7684600000002
1462,Swaziland,2002,1130269.0,Africa,43.869,4128.116943
1463,Swaziland,2007,1133066.0,Africa,39.613,4513.480643
1464,Sweden,1952,7124673.0,Europe,71.86,8527.844662000001
1465,Sweden,1957,7363802.0,Europe,72.49,9911.878226
1466,Sweden,1962,7561588.0,Europe,73.37,12329.441920000001
1467,Sweden,1967,7867931.0,Europe,74.16,15258.29697
1468,Sweden,1972,8122293.0,Europe,74.72,17832.02464
1469,Sweden,1977,8251648.0,Europe,75.44,18855.72521
1470,Sweden,1982,8325260.0,Europe,76.42,20667.38125
1471,Sweden,1987,8421403.0,Europe,77.19,23586.92927
1472,Sweden,1992,8718867.0,Europe,78.16,23880.01683
1473,Sweden,1997,8897619.0,Europe,79.39,25266.59499
1474,Sweden,2002,8954175.0,Europe,80.04,29341.630930000003
1475,Sweden,2007,9031088.0,Europe,80.884,33859.74835
1476,Switzerland,1952,4815000.0,Europe,69.62,14734.23275
1477,Switzerland,1957,5126000.0,Europe,70.56,17909.48973
1478,Switzerland,1962,5666000.0,Europe,71.32,20431.0927
1479,Switzerland,1967,6063000.0,Europe,72.77,22966.14432
1480,Switzerland,1972,6401400.0,Europe,73.78,27195.113039999997
1481,Switzerland,1977,6316424.0,Europe,75.39,26982.29052
1482,Switzerland,1982,6468126.0,Europe,76.21,28397.715119999997
1483,Switzerland,1987,6649942.0,Europe,77.41,30281.704589999998
1484,Switzerland,1992,6995447.0,Europe,78.03,31871.5303
1485,Switzerland,1997,7193761.0,Europe,79.37,32135.323010000004
1486,Switzerland,2002,7361757.0,Europe,80.62,34480.95771
1487,Switzerland,2007,7554661.0,Europe,81.70100000000001,37506.419069999996
1488,Syria,1952,3661549.0,Asia,45.883,1643.485354
1489,Syria,1957,4149908.0,Asia,48.284,2117.234893
1490,Syria,1962,4834621.0,Asia,50.305,2193.037133
1491,Syria,1967,5680812.0,Asia,53.655,1881.923632
1492,Syria,1972,6701172.0,Asia,57.29600000000001,2571.423014
1493,Syria,1977,7932503.0,Asia,61.195,3195.484582
1494,Syria,1982,9410494.0,Asia,64.59,3761.8377149999997
1495,Syria,1987,11242847.0,Asia,66.97399999999999,3116.774285
1496,Syria,1992,13219062.0,Asia,69.249,3340.542768
1497,Syria,1997,15081016.0,Asia,71.527,4014.238972
1498,Syria,2002,17155814.0,Asia,73.053,4090.9253310000004
1499,Syria,2007,19314747.0,Asia,74.143,4184.548089
1500,Taiwan,1952,8550362.0,Asia,58.5,1206.947913
1501,Taiwan,1957,10164215.0,Asia,62.4,1507.86129
1502,Taiwan,1962,11918938.0,Asia,65.2,1822.879028
1503,Taiwan,1967,13648692.0,Asia,67.5,2643.8586809999997
1504,Taiwan,1972,15226039.0,Asia,69.39,4062.523897
1505,Taiwan,1977,16785196.0,Asia,70.59,5596.519826
1506,Taiwan,1982,18501390.0,Asia,72.16,7426.354773999999
1507,Taiwan,1987,19757799.0,Asia,73.4,11054.56175
1508,Taiwan,1992,20686918.0,Asia,74.26,15215.6579
1509,Taiwan,1997,21628605.0,Asia,75.25,20206.82098
1510,Taiwan,2002,22454239.0,Asia,76.99,23235.42329
1511,Taiwan,2007,23174294.0,Asia,78.4,28718.27684
1512,Tanzania,1952,8322925.0,Africa,41.215,716.6500721
1513,Tanzania,1957,9452826.0,Africa,42.974,698.5356073
1514,Tanzania,1962,10863958.0,Africa,44.246,722.0038073
1515,Tanzania,1967,12607312.0,Africa,45.757,848.2186575
1516,Tanzania,1972,14706593.0,Africa,47.62,915.9850592
1517,Tanzania,1977,17129565.0,Africa,49.919,962.4922932
1518,Tanzania,1982,19844382.0,Africa,50.608000000000004,874.2426069
1519,Tanzania,1987,23040630.0,Africa,51.535,831.8220794
1520,Tanzania,1992,26605473.0,Africa,50.44,825.682454
1521,Tanzania,1997,30686889.0,Africa,48.466,789.1862231
1522,Tanzania,2002,34593779.0,Africa,49.651,899.0742111
1523,Tanzania,2007,38139640.0,Africa,52.516999999999996,1107.482182
1524,Thailand,1952,21289402.0,Asia,50.848,757.7974177
1525,Thailand,1957,25041917.0,Asia,53.63,793.5774147999999
1526,Thailand,1962,29263397.0,Asia,56.06100000000001,1002.1991720000001
1527,Thailand,1967,34024249.0,Asia,58.285,1295.46066
1528,Thailand,1972,39276153.0,Asia,60.405,1524.3589359999999
1529,Thailand,1977,44148285.0,Asia,62.494,1961.2246350000003
1530,Thailand,1982,48827160.0,Asia,64.597,2393.219781
1531,Thailand,1987,52910342.0,Asia,66.084,2982.653773
1532,Thailand,1992,56667095.0,Asia,67.298,4616.8965450000005
1533,Thailand,1997,60216677.0,Asia,67.521,5852.625497
1534,Thailand,2002,62806748.0,Asia,68.564,5913.187529
1535,Thailand,2007,65068149.0,Asia,70.616,7458.3963269999995
1536,Togo,1952,1219113.0,Africa,38.596,859.8086567
1537,Togo,1957,1357445.0,Africa,41.208,925.9083201999999
1538,Togo,1962,1528098.0,Africa,43.922,1067.5348099999999
1539,Togo,1967,1735550.0,Africa,46.769,1477.59676
1540,Togo,1972,2056351.0,Africa,49.75899999999999,1649.660188
1541,Togo,1977,2308582.0,Africa,52.887,1532.776998
1542,Togo,1982,2644765.0,Africa,55.471000000000004,1344.577953
1543,Togo,1987,3154264.0,Africa,56.941,1202.201361
1544,Togo,1992,3747553.0,Africa,58.06100000000001,1034.298904
1545,Togo,1997,4320890.0,Africa,58.39,982.2869242999999
1546,Togo,2002,4977378.0,Africa,57.56100000000001,886.2205765000001
1547,Togo,2007,5701579.0,Africa,58.42,882.9699437999999
1548,Trinidad and Tobago,1952,662850.0,Americas,59.1,3023.271928
1549,Trinidad and Tobago,1957,764900.0,Americas,61.8,4100.3934
1550,Trinidad and Tobago,1962,887498.0,Americas,64.9,4997.5239710000005
1551,Trinidad and Tobago,1967,960155.0,Americas,65.4,5621.368472
1552,Trinidad and Tobago,1972,975199.0,Americas,65.9,6619.551418999999
1553,Trinidad and Tobago,1977,1039009.0,Americas,68.3,7899.554209000001
1554,Trinidad and Tobago,1982,1116479.0,Americas,68.832,9119.528607
1555,Trinidad and Tobago,1987,1191336.0,Americas,69.582,7388.597823
1556,Trinidad and Tobago,1992,1183669.0,Americas,69.862,7370.990932
1557,Trinidad and Tobago,1997,1138101.0,Americas,69.465,8792.573126000001
1558,Trinidad and Tobago,2002,1101832.0,Americas,68.976,11460.60023
1559,Trinidad and Tobago,2007,1056608.0,Americas,69.819,18008.50924
1560,Tunisia,1952,3647735.0,Africa,44.6,1468.475631
1561,Tunisia,1957,3950849.0,Africa,47.1,1395.232468
1562,Tunisia,1962,4286552.0,Africa,49.57899999999999,1660.30321
1563,Tunisia,1967,4786986.0,Africa,52.053000000000004,1932.3601670000003
1564,Tunisia,1972,5303507.0,Africa,55.602,2753.2859940000003
1565,Tunisia,1977,6005061.0,Africa,59.836999999999996,3120.876811
1566,Tunisia,1982,6734098.0,Africa,64.048,3560.2331740000004
1567,Tunisia,1987,7724976.0,Africa,66.89399999999999,3810.419296
1568,Tunisia,1992,8523077.0,Africa,70.001,4332.720164
1569,Tunisia,1997,9231669.0,Africa,71.973,4876.798614
1570,Tunisia,2002,9770575.0,Africa,73.042,5722.895654999999
1571,Tunisia,2007,10276158.0,Africa,73.923,7092.923025
1572,Turkey,1952,22235677.0,Europe,43.585,1969.1009800000002
1573,Turkey,1957,25670939.0,Europe,48.07899999999999,2218.754257
1574,Turkey,1962,29788695.0,Europe,52.098,2322.8699079999997
1575,Turkey,1967,33411317.0,Europe,54.336000000000006,2826.3563870000003
1576,Turkey,1972,37492953.0,Europe,57.005,3450.69638
1577,Turkey,1977,42404033.0,Europe,59.507,4269.122326
1578,Turkey,1982,47328791.0,Europe,61.036,4241.356344
1579,Turkey,1987,52881328.0,Europe,63.108000000000004,5089.043686
1580,Turkey,1992,58179144.0,Europe,66.146,5678.348271
1581,Turkey,1997,63047647.0,Europe,68.835,6601.429915
1582,Turkey,2002,67308928.0,Europe,70.845,6508.085718
1583,Turkey,2007,71158647.0,Europe,71.777,8458.276384
1584,Uganda,1952,5824797.0,Africa,39.978,734.753484
1585,Uganda,1957,6675501.0,Africa,42.571000000000005,774.3710692000001
1586,Uganda,1962,7688797.0,Africa,45.343999999999994,767.2717397999999
1587,Uganda,1967,8900294.0,Africa,48.051,908.9185217
1588,Uganda,1972,10190285.0,Africa,51.016000000000005,950.735869
1589,Uganda,1977,11457758.0,Africa,50.35,843.7331372000001
1590,Uganda,1982,12939400.0,Africa,49.849,682.2662267999999
1591,Uganda,1987,15283050.0,Africa,51.50899999999999,617.7244065
1592,Uganda,1992,18252190.0,Africa,48.825,644.1707968999999
1593,Uganda,1997,21210254.0,Africa,44.578,816.559081
1594,Uganda,2002,24739869.0,Africa,47.813,927.7210018
1595,Uganda,2007,29170398.0,Africa,51.542,1056.3801210000001
1596,United Kingdom,1952,50430000.0,Europe,69.18,9979.508487000001
1597,United Kingdom,1957,51430000.0,Europe,70.42,11283.17795
1598,United Kingdom,1962,53292000.0,Europe,70.76,12477.17707
1599,United Kingdom,1967,54959000.0,Europe,71.36,14142.85089
1600,United Kingdom,1972,56079000.0,Europe,72.01,15895.116409999999
1601,United Kingdom,1977,56179000.0,Europe,72.76,17428.74846
1602,United Kingdom,1982,56339704.0,Europe,74.04,18232.42452
1603,United Kingdom,1987,56981620.0,Europe,75.007,21664.787669999998
1604,United Kingdom,1992,57866349.0,Europe,76.42,22705.09254
1605,United Kingdom,1997,58808266.0,Europe,77.218,26074.53136
1606,United Kingdom,2002,59912431.0,Europe,78.471,29478.99919
1607,United Kingdom,2007,60776238.0,Europe,79.425,33203.26128
1608,United States,1952,157553000.0,Americas,68.44,13990.482080000002
1609,United States,1957,171984000.0,Americas,69.49,14847.12712
1610,United States,1962,186538000.0,Americas,70.21,16173.145859999999
1611,United States,1967,198712000.0,Americas,70.76,19530.365569999998
1612,United States,1972,209896000.0,Americas,71.34,21806.03594
1613,United States,1977,220239000.0,Americas,73.38,24072.63213
1614,United States,1982,232187835.0,Americas,74.65,25009.55914
1615,United States,1987,242803533.0,Americas,75.02,29884.350410000003
1616,United States,1992,256894189.0,Americas,76.09,32003.93224
1617,United States,1997,272911760.0,Americas,76.81,35767.43303
1618,United States,2002,287675526.0,Americas,77.31,39097.09955
1619,United States,2007,301139947.0,Americas,78.242,42951.65309
1620,Uruguay,1952,2252965.0,Americas,66.071,5716.766744
1621,Uruguay,1957,2424959.0,Americas,67.044,6150.772969
1622,Uruguay,1962,2598466.0,Americas,68.253,5603.357717
1623,Uruguay,1967,2748579.0,Americas,68.468,5444.61962
1624,Uruguay,1972,2829526.0,Americas,68.673,5703.408898
1625,Uruguay,1977,2873520.0,Americas,69.48100000000001,6504.339663000001
1626,Uruguay,1982,2953997.0,Americas,70.805,6920.223051000001
1627,Uruguay,1987,3045153.0,Americas,71.918,7452.398969
1628,Uruguay,1992,3149262.0,Americas,72.752,8137.004775
1629,Uruguay,1997,3262838.0,Americas,74.223,9230.240708
1630,Uruguay,2002,3363085.0,Americas,75.307,7727.002004000001
1631,Uruguay,2007,3447496.0,Americas,76.384,10611.46299
1632,Venezuela,1952,5439568.0,Americas,55.088,7689.799761
1633,Venezuela,1957,6702668.0,Americas,57.907,9802.466526
1634,Venezuela,1962,8143375.0,Americas,60.77,8422.974165000001
1635,Venezuela,1967,9709552.0,Americas,63.479,9541.474188
1636,Venezuela,1972,11515649.0,Americas,65.712,10505.25966
1637,Venezuela,1977,13503563.0,Americas,67.456,13143.95095
1638,Venezuela,1982,15620766.0,Americas,68.557,11152.410109999999
1639,Venezuela,1987,17910182.0,Americas,70.19,9883.584648
1640,Venezuela,1992,20265563.0,Americas,71.15,10733.926309999999
1641,Venezuela,1997,22374398.0,Americas,72.146,10165.49518
1642,Venezuela,2002,24287670.0,Americas,72.766,8605.047831
1643,Venezuela,2007,26084662.0,Americas,73.747,11415.805690000001
1644,Vietnam,1952,26246839.0,Asia,40.412,605.0664917
1645,Vietnam,1957,28998543.0,Asia,42.887,676.2854477999999
1646,Vietnam,1962,33796140.0,Asia,45.363,772.0491602000001
1647,Vietnam,1967,39463910.0,Asia,47.838,637.1232887
1648,Vietnam,1972,44655014.0,Asia,50.254,699.5016441
1649,Vietnam,1977,50533506.0,Asia,55.763999999999996,713.5371196000001
1650,Vietnam,1982,56142181.0,Asia,58.816,707.2357863
1651,Vietnam,1987,62826491.0,Asia,62.82,820.7994449
1652,Vietnam,1992,69940728.0,Asia,67.66199999999999,989.0231487
1653,Vietnam,1997,76048996.0,Asia,70.672,1385.896769
1654,Vietnam,2002,80908147.0,Asia,73.017,1764.456677
1655,Vietnam,2007,85262356.0,Asia,74.249,2441.576404
1656,West Bank and Gaza,1952,1030585.0,Asia,43.16,1515.5923289999998
1657,West Bank and Gaza,1957,1070439.0,Asia,45.67100000000001,1827.0677420000002
1658,West Bank and Gaza,1962,1133134.0,Asia,48.126999999999995,2198.9563120000003
1659,West Bank and Gaza,1967,1142636.0,Asia,51.631,2649.7150070000002
1660,West Bank and Gaza,1972,1089572.0,Asia,56.532,3133.4092769999997
1661,West Bank and Gaza,1977,1261091.0,Asia,60.765,3682.8314939999996
1662,West Bank and Gaza,1982,1425876.0,Asia,64.406,4336.032082
1663,West Bank and Gaza,1987,1691210.0,Asia,67.046,5107.197384
1664,West Bank and Gaza,1992,2104779.0,Asia,69.718,6017.654756
1665,West Bank and Gaza,1997,2826046.0,Asia,71.096,7110.667619
1666,West Bank and Gaza,2002,3389578.0,Asia,72.37,4515.487575
1667,West Bank and Gaza,2007,4018332.0,Asia,73.422,3025.349798
1668,"Yemen, Rep.",1952,4963829.0,Asia,32.548,781.7175761
1669,"Yemen, Rep.",1957,5498090.0,Asia,33.97,804.8304547
1670,"Yemen, Rep.",1962,6120081.0,Asia,35.18,825.6232006
1671,"Yemen, Rep.",1967,6740785.0,Asia,36.984,862.4421463
1672,"Yemen, Rep.",1972,7407075.0,Asia,39.848,1265.047031
1673,"Yemen, Rep.",1977,8403990.0,Asia,44.175,1829.765177
1674,"Yemen, Rep.",1982,9657618.0,Asia,49.113,1977.5570100000002
1675,"Yemen, Rep.",1987,11219340.0,Asia,52.922,1971.741538
1676,"Yemen, Rep.",1992,13367997.0,Asia,55.599,1879.496673
1677,"Yemen, Rep.",1997,15826497.0,Asia,58.02,2117.484526
1678,"Yemen, Rep.",2002,18701257.0,Asia,60.308,2234.820827
1679,"Yemen, Rep.",2007,22211743.0,Asia,62.698,2280.769906
1680,Zambia,1952,2672000.0,Africa,42.038000000000004,1147.388831
1681,Zambia,1957,3016000.0,Africa,44.077,1311.956766
1682,Zambia,1962,3421000.0,Africa,46.023,1452.725766
1683,Zambia,1967,3900000.0,Africa,47.768,1777.0773179999999
1684,Zambia,1972,4506497.0,Africa,50.107,1773.498265
1685,Zambia,1977,5216550.0,Africa,51.386,1588.688299
1686,Zambia,1982,6100407.0,Africa,51.821000000000005,1408.678565
1687,Zambia,1987,7272406.0,Africa,50.821000000000005,1213.315116
1688,Zambia,1992,8381163.0,Africa,46.1,1210.884633
1689,Zambia,1997,9417789.0,Africa,40.238,1071.353818
1690,Zambia,2002,10595811.0,Africa,39.193000000000005,1071.6139380000002
1691,Zambia,2007,11746035.0,Africa,42.38399999999999,1271.211593
1692,Zimbabwe,1952,3080907.0,Africa,48.451,406.8841148
1693,Zimbabwe,1957,3646340.0,Africa,50.468999999999994,518.7642681
1694,Zimbabwe,1962,4277736.0,Africa,52.358000000000004,527.2721818
1695,Zimbabwe,1967,4995432.0,Africa,53.995,569.7950712
1696,Zimbabwe,1972,5861135.0,Africa,55.635,799.3621757999999
1697,Zimbabwe,1977,6642107.0,Africa,57.674,685.5876821
1698,Zimbabwe,1982,7636524.0,Africa,60.363,788.8550411
1699,Zimbabwe,1987,9216418.0,Africa,62.351000000000006,706.1573059
1700,Zimbabwe,1992,10704340.0,Africa,60.376999999999995,693.4207856
1701,Zimbabwe,1997,11404948.0,Africa,46.809,792.4499602999999
1702,Zimbabwe,2002,11926563.0,Africa,39.989000000000004,672.0386227000001
1703,Zimbabwe,2007,12311143.0,Africa,43.486999999999995,469.70929810000007
